"","order_id","product_id","add_to_cart_order","reordered"
"1364609",3373162,47229,11,1
"333698",812794,28993,1,1
"500765",1229547,18531,1,1
"805493",1986228,36189,4,0
"875222",2157783,34854,18,0
"439463",1075175,6221,7,1
"609679",1500083,42582,4,0
"86815",215715,32573,4,1
"1196845",2956417,46906,4,0
"558795",1373932,15902,12,0
"203984",500266,40659,6,0
"474427",1162372,41588,2,1
"1207694",2982962,9084,2,1
"488029",1198433,3016,5,0
"914025",2255696,25513,6,1
"1345002",3323129,34126,4,1
"249680",609243,5479,9,0
"543481",1337303,5616,7,0
"340757",830570,12481,4,0
"1321136",3263391,39561,5,1
"610029",1501135,8412,4,1
"373718",913070,5516,4,0
"958888",2365068,35097,11,0
"349204",851082,19006,5,1
"390874",954206,39275,10,1
"560750",1378011,17794,13,0
"1261108",3116788,27325,8,1
"323931",788243,45066,3,1
"332585",809435,11182,3,1
"1368288",3382739,28221,2,1
"145563",355325,21626,15,0
"431141",1053355,21709,10,1
"96516",239146,2314,7,0
"1246924",3080245,3988,1,1
"158415",386885,28553,10,0
"627753",1545596,48205,11,0
"844833",2085476,37637,6,1
"1282365",3167542,33754,12,0
"188272",461963,6493,2,1
"820913",2024995,23622,11,0
"544965",1341323,27336,16,1
"1003115",2478442,41527,25,1
"683780",1680248,30532,9,1
"229077",561015,14129,13,0
"759347",1870170,41319,22,0
"1182670",2922266,7503,7,0
"147829",360755,17321,16,1
"818215",2018392,16168,6,0
"844333",2084385,14659,2,0
"132713",323915,46167,2,1
"904008",2231739,35628,10,0
"575326",1414658,39928,4,1
"1343804",3320610,39275,4,1
"509267",1250135,39275,14,1
"729955",1795417,46059,2,1
"800019",1971003,43933,10,1
"1045386",2585808,30391,2,1
"625051",1538490,25079,3,0
"436301",1066647,21903,5,0
"1135401",2805884,47144,6,0
"304053",740488,27778,12,0
"991830",2449746,43352,25,0
"913606",2254914,41065,10,1
"780076",1920089,5818,2,1
"777570",1914478,13842,9,1
"892588",2201679,41950,8,1
"1199792",2963483,8854,12,0
"1299969",3211127,24852,3,1
"642314",1580614,42803,7,1
"152915",373666,24852,2,1
"288428",701278,16456,7,0
"513851",1262071,8730,8,0
"1198196",2959588,21195,4,1
"355661",865516,28985,9,1
"1172712",2897119,14862,10,0
"1023233",2530278,343,2,0
"261667",637716,30391,17,1
"551547",1356417,47654,6,1
"458727",1123673,46802,4,1
"811922",2002482,5127,3,0
"1282908",3169127,46979,2,1
"827646",2041250,8277,4,1
"1305407",3224289,7539,15,1
"1358197",3356165,6187,7,0
"841374",2075349,41534,6,1
"925798",2284610,25005,6,0
"1046760",2589145,19213,9,1
"233306",570394,24852,2,1
"399443",976539,20383,3,1
"972458",2398639,46802,14,1
"1016626",2514004,33000,1,0
"669137",1644899,38452,27,0
"519334",1275421,2238,14,0
"1189273",2938296,42585,5,1
"10989",26394,18656,5,1
"489844",1202935,27510,10,1
"1375613",3400805,29153,15,0
"790023",1945963,15950,13,1
"814797",2009954,42265,11,1
"399012",975590,40545,9,0
"1114768",2754838,33000,31,1
"389713",951146,16823,3,0
"561169",1379236,11182,2,1
"802454",1977611,45123,1,0
"340232",828965,8930,7,1
"388629",948900,32915,24,0
"1214660",2999734,27156,11,1
"455145",1113866,28289,6,1
"889186",2194125,26209,9,1
"467653",1146266,37993,20,0
"920858",2272393,17421,3,0
"116668",285388,17652,1,1
"1261667",3117749,30442,6,1
"1197770",2958473,21903,12,0
"203609",499639,30391,2,1
"228223",559105,29941,14,0
"48202",118716,38689,22,1
"145041",353933,34278,12,0
"1155096",2854553,27729,9,0
"305639",743838,24850,23,0
"1316610",3252954,4778,9,1
"1019089",2520406,6052,6,1
"852661",2104977,40868,11,0
"351178",855236,20767,17,0
"1208702",2985358,1935,1,0
"205729",504624,7515,3,1
"117290",286598,10991,7,0
"647210",1593064,42016,5,1
"524257",1287702,19549,16,0
"1188592",2936596,32525,4,0
"594748",1462865,21938,5,0
"890175",2196203,35221,4,1
"671503",1650233,28985,4,1
"126374",309379,21137,11,1
"682105",1675113,49683,10,0
"1222998",3022356,21137,15,1
"1233594",3047430,22963,4,1
"234472",572437,9327,18,0
"947234",2336910,5876,14,0
"34929",85183,17207,5,1
"695049",1708223,358,4,0
"1361918",3366155,27295,4,1
"266310",648800,10749,16,0
"25132",60770,11365,4,0
"1130246",2793613,29395,11,0
"1266787",3129899,20114,3,1
"852362",2104229,21616,6,1
"562007",1381739,28204,10,1
"799460",1969516,16965,5,1
"58330",143284,27966,2,1
"545476",1342346,5450,11,1
"272637",663916,17183,5,1
"252813",617419,11950,7,1
"1027799",2541661,8518,10,1
"1048011",2591942,5450,1,1
"743583",1829449,16759,17,1
"411022",1006489,10326,1,0
"1012501",2501747,21137,22,1
"10377",24968,19678,25,1
"1293222",3194880,45066,5,1
"552178",1357851,43713,26,0
"1183212",2923531,43352,5,1
"943079",2326901,21694,7,1
"1244884",3074851,47885,11,1
"304154",740957,39404,4,0
"799573",1969961,37646,11,1
"1204211",2974484,46979,14,1
"872196",2151280,49683,1,1
"1107818",2738367,5769,15,0
"1261797",3117922,13176,31,1
"1191724",2944196,44632,2,1
"837424",2064654,24852,10,1
"58101",142607,12858,11,1
"956575",2359582,43136,5,0
"380580",928535,11520,3,1
"1357",3957,13500,4,0
"986299",2434827,24852,1,1
"697026",1713022,9076,4,1
"813097",2005809,45916,2,1
"44263",109274,40055,11,1
"250159",610603,30214,9,0
"948851",2340640,17794,11,1
"517003",1269603,4781,11,1
"999964",2470374,11068,5,0
"265353",646772,43122,6,1
"826735",2038968,12149,3,0
"349470",851480,2014,19,1
"718573",1766563,44628,11,0
"328546",800255,44632,21,1
"920238",2270917,26209,4,0
"699741",1720356,28842,7,0
"1281610",3166076,6087,4,0
"170112",416326,13535,16,0
"983897",2428092,49683,13,0
"69497",171486,27344,2,0
"431070",1053278,7021,5,0
"908433",2242139,13249,13,1
"1001324",2474172,32578,6,1
"302614",736884,8723,22,0
"927859",2290253,35277,8,0
"474617",1162736,28270,28,0
"1174947",2902299,25256,5,0
"649309",1598028,44485,16,0
"441998",1081649,49169,7,0
"1106028",2733403,45613,4,1
"755240",1859465,48205,7,1
"232935",569457,28373,8,0
"159671",390101,28413,8,1
"1268682",3133867,34005,9,0
"824135",2032614,28630,14,0
"1001574",2474552,35534,7,0
"245873",600097,15386,10,1
"365650",890226,47601,3,1
"806550",1988698,1364,3,1
"1175689",2903567,23375,23,1
"96880",240061,23543,5,0
"975633",2406535,21137,9,0
"1205094",2976499,18441,24,1
"52192",128440,37215,5,1
"144196",351905,13774,2,1
"301259",733473,47209,2,1
"1239355",3061169,2855,9,0
"889676",2195347,24441,2,1
"789565",1944404,23645,12,1
"316058",769346,32689,8,0
"1113336",2751548,38739,5,1
"532194",1306897,40161,1,1
"13603",33001,19051,8,1
"252838",617445,36810,7,0
"396761",969512,29176,8,0
"1310728",3237186,12332,15,1
"1120898",2769899,27086,4,1
"424933",1039450,45066,5,1
"643861",1584542,4149,1,1
"136189",332116,17339,1,0
"202812",497643,1828,28,0
"16549",39970,48309,1,0
"443383",1085460,16759,10,1
"624288",1536431,35561,31,0
"211772",519454,29487,5,1
"1235784",3052404,39491,24,0
"178754",439063,24699,14,0
"263536",642123,32655,5,1
"91953",228658,33120,3,1
"1294417",3197072,25753,17,1
"759578",1870746,5764,21,1
"832353",2051841,26096,7,1
"69992",172736,44359,7,0
"1193276",2947914,10585,6,1
"792871",1953041,39121,13,0
"81421",201073,44548,9,1
"784593",1931758,26639,1,1
"1283413",3170000,196,2,0
"1292514",3192883,23142,2,0
"442604",1083556,27344,5,0
"1004558",2481846,18432,16,1
"1158873",2864513,27531,3,0
"1119902",2767026,8518,8,1
"835663",2059558,41787,2,1
"38729",95650,37935,24,0
"304265",741144,22935,9,0
"90588",225335,41220,17,1
"116614",285231,36418,8,0
"1095595",2707800,22504,11,0
"1030400",2547202,23805,11,1
"1079277",2668353,28576,33,0
"236449",577283,34050,11,1
"1060944",2623242,23919,35,1
"1130095",2793430,28071,3,1
"173957",426410,3561,20,0
"962429",2374506,34448,20,1
"775908",1910087,2962,7,1
"646043",1590095,196,6,0
"141508",344642,45063,20,0
"949825",2343074,3298,4,1
"737460",1814462,2388,1,1
"1298555",3207020,4232,2,1
"1311074",3238226,9736,4,0
"159331",389000,48423,25,0
"1007859",2490132,11130,5,1
"516972",1269532,7175,1,1
"243515",594200,35353,3,0
"1381456",3414331,30391,13,1
"163002",398910,36918,8,1
"799603",1970017,46149,1,1
"937065",2312145,22825,18,0
"412063",1009446,24928,12,0
"678198",1666206,21019,4,1
"1253262",3097248,2116,15,1
"1368099",3382300,19734,17,0
"351890",857197,49683,9,1
"791582",1949941,17191,14,0
"380320",927605,46906,3,1
"507533",1246465,32534,15,0
"281440",685478,26315,10,0
"34521",84011,28985,17,0
"968431",2389538,13646,6,1
"912155",2251577,38970,3,1
"645369",1588260,41290,2,1
"113169",276574,39534,2,0
"73011",180304,44987,7,1
"150332",367338,44170,1,1
"263403",641659,27521,10,0
"248846",607550,22105,22,1
"10391",24994,18599,4,0
"1132921",2799612,35535,8,1
"913351",2254359,47766,2,1
"979861",2416355,2519,3,0
"862739",2128363,10749,1,1
"646749",1591687,38768,3,1
"44812",110704,48140,6,1
"521943",1282597,37646,2,1
"915563",2259437,43352,3,1
"330110",803642,23734,18,1
"1275493",3151212,21903,1,1
"194264",476152,21265,20,1
"1120132",2767640,41642,7,0
"1329505",3284853,47734,6,0
"1152861",2848773,29594,3,1
"513083",1259963,38003,13,1
"788386",1941338,34969,6,1
"280669",683815,45541,5,1
"1087684",2687860,27104,7,0
"833701",2055066,28252,3,0
"699716",1720258,42356,11,0
"348065",848928,49235,5,1
"388800",949182,11889,42,0
"417108",1021543,15902,3,1
"771147",1897261,28380,7,0
"809386",1996464,28156,12,0
"271101",659886,27570,18,0
"1298378",3206628,45007,2,1
"440787",1078433,2078,8,1
"1218853",3010719,7379,5,1
"995214",2458021,41065,3,1
"35208",85920,26209,9,0
"750823",1848166,2635,1,1
"257315",627645,31553,8,1
"208162",510142,32478,1,1
"788437",1941618,26002,14,0
"295913",721146,2680,3,1
"280584",683520,41544,4,1
"68351",168473,21176,35,1
"1060045",2621480,21938,14,1
"759338",1870170,27903,13,1
"830397",2047119,15084,2,1
"573016",1409188,48205,8,1
"562421",1382912,13870,11,0
"945051",2331827,22290,5,0
"1054029",2607738,11777,7,0
"1029979",2546277,35286,13,1
"67870",167220,17021,20,0
"573316",1409729,4146,9,1
"1224434",3025933,10096,3,0
"1127246",2786631,29987,6,0
"232290",568203,43713,13,1
"689827",1695233,30016,8,0
"576679",1417888,18460,8,1
"580522",1426830,24852,2,1
"221920",543569,29447,1,1
"182569",447980,20747,20,0
"865098",2133922,37257,17,0
"679002",1667854,43749,2,1
"25584",62059,33731,9,1
"1359142",3358701,20914,2,1
"481016",1178928,24204,14,0
"730305",1796447,47209,9,0
"479676",1175539,19625,1,1
"581902",1430737,13838,1,0
"972704",2399278,5025,4,0
"1080112",2670243,27730,6,1
"7413",17973,23296,7,1
"317961",774323,46222,2,1
"59533",145993,30391,16,1
"614464",1512709,1185,7,0
"674526",1656954,20345,14,0
"289653",704924,38557,3,1
"1331105",3288563,7175,10,1
"484347",1187789,27845,2,1
"293831",715754,8174,3,1
"1167477",2885654,8670,4,0
"1248223",3083408,21137,9,1
"1383095",3418070,42768,8,1
"927630",2289597,36307,9,1
"1306167",3226672,18089,15,0
"616138",1516617,38844,11,1
"461878",1131445,42768,4,1
"554504",1363909,47144,5,1
"257614",628572,38383,17,0
"1101977",2723751,18444,6,1
"302074",735717,45290,1,0
"47090",115747,27845,18,1
"1269542",3136121,45104,18,1
"320038",779664,2361,8,0
"620608",1527126,27429,7,1
"16473",39732,42265,11,1
"33830",82206,26209,15,1
"1097773",2713115,43760,2,0
"1242465",3068504,46572,1,1
"409906",1003458,26209,4,0
"852780",2105368,23165,6,0
"1120499",2768832,33572,5,1
"569679",1400434,43761,5,1
"504294",1238903,31127,14,1
"1155264",2854969,14346,11,0
"1148167",2837144,5819,7,0
"876720",2161862,44910,2,0
"655083",1611938,39928,3,1
"158861",387848,13176,18,0
"1181024",2918149,47826,3,0
"27228",66324,47042,21,1
"1138071",2811857,21150,13,1
"1153607",2850918,24852,25,1
"716771",1762173,13176,1,0
"583920",1435511,40199,5,0
"1085339",2681880,14212,1,0
"1031440",2549777,47209,5,1
"1077172",2663076,40681,10,1
"74924",185195,33290,3,1
"728459",1791756,2966,12,0
"518393",1273082,24852,2,1
"105323",259488,45954,4,1
"45608",112667,45633,8,0
"197311",483510,24097,22,0
"683150",1678287,44213,20,0
"220811",541244,16797,5,1
"567059",1393302,38693,2,0
"159523",389648,13988,2,0
"642767",1581476,17168,1,0
"610082",1501261,45002,2,1
"92007",228747,27104,11,1
"392351",958879,42829,18,0
"731913",1800329,38300,6,1
"68592",169045,44085,20,0
"1203711",2973264,37710,6,0
"1084752",2680744,4210,2,1
"984583",2430013,23226,7,0
"621466",1529111,36522,22,1
"1002566",2476996,6274,3,1
"725189",1783355,48720,8,1
"674811",1657565,15100,8,1
"136635",333080,33787,5,1
"414351",1014860,26171,10,0
"333429",811992,22133,1,0
"1216389",3004674,31478,17,0
"1376243",3402313,1006,19,0
"642533",1581095,3431,2,0
"927586",2289546,14499,2,0
"120206",294026,39046,9,1
"80719",199559,44987,4,0
"103038",253655,36772,8,1
"1145114",2828383,43337,3,1
"1012403",2501619,9839,1,1
"1307195",3228836,46667,10,1
"450365",1102314,15842,5,0
"202937",497998,196,1,1
"160650",392472,36640,14,0
"800131",1971195,13176,1,1
"984908",2431062,30811,3,1
"367990",898066,33911,14,1
"1167171",2884695,26165,2,1
"695517",1709564,14379,4,1
"1133375",2800782,23909,8,0
"1069503",2643504,42356,6,1
"524788",1288792,14429,1,0
"1109906",2742872,34448,7,1
"225037",550918,44310,1,1
"1307555",3229562,16965,11,1
"1273019",3144415,20114,18,1
"237593",580476,18362,1,0
"29680",72234,42117,5,0
"42227",103546,9124,9,1
"246001",600660,23016,8,0
"977226",2409841,26839,9,1
"484785",1189009,7781,5,0
"983660",2427530,16953,6,0
"918237",2266088,42611,18,1
"161190",394230,5770,8,1
"460142",1127364,32030,4,1
"479664",1175447,46175,20,1
"1157995",2861725,47209,5,1
"1378677",3407782,8574,7,1
"1001533",2474486,49174,8,0
"101439",250058,14992,15,1
"262673",640063,41745,8,0
"237163",579214,24830,13,1
"476609",1167785,37646,9,1
"445128",1090415,22504,7,0
"1125078",2781178,16953,22,1
"77553",191457,24024,13,1
"813161",2006067,34335,4,1
"59988",146992,39966,2,1
"873886",2154941,17872,3,1
"361069",878658,260,14,0
"264479",644501,35336,1,1
"685974",1685645,47766,6,1
"1065920",2635178,47766,3,1
"366960",894617,21310,9,1
"82251",203202,22935,20,1
"130865",319324,4347,5,1
"90710",225600,33791,17,1
"458102",1122105,33209,6,0
"1233363",3046588,24622,8,1
"141292",344189,49519,8,1
"194156",475829,10360,17,0
"891636",2199391,24622,2,1
"349058",850755,29987,2,0
"802937",1979263,17616,7,1
"536389",1317826,6492,3,0
"102801",253324,11408,15,0
"1100409",2720211,27966,12,1
"804382",1983444,47305,4,0
"599306",1474125,47439,13,0
"1106144",2733614,19760,7,0
"1183927",2925339,6104,16,1
"1006528",2486792,20221,3,0
"472199",1157020,22935,2,1
"1201116",2966909,38293,9,1
"116431",284859,47626,15,1
"858648",2119252,13176,1,1
"461170",1129422,14386,5,1
"613861",1511664,31394,24,1
"296440",722498,49235,7,1
"376322",918803,5450,1,1
"446317",1092827,15925,8,1
"345506",841585,33037,5,0
"402992",985834,13176,10,0
"698913",1718286,45037,13,0
"573640",1410380,16283,8,0
"410866",1005994,30958,5,1
"1189825",2939563,2450,7,0
"796645",1962064,49306,8,1
"65285",160759,33290,2,0
"688944",1693205,5013,17,1
"1055877",2611670,3819,13,1
"268842",654955,9598,1,1
"1063117",2629052,19514,28,0
"709644",1745001,45664,8,0
"410345",1004625,26604,8,1
"522055",1282816,44359,4,1
"215507",527945,25653,1,0
"1093996",2704288,32655,11,1
"591133",1453804,31634,3,0
"968092",2388398,24852,1,1
"622835",1532271,21137,2,1
"615815",1515915,5883,10,1
"74539",184189,10895,3,1
"390113",952153,11182,28,1
"840221",2071953,19354,1,1
"225709",552468,40002,4,1
"1296281",3201624,38490,2,0
"991677",2449092,31730,24,0
"802292",1977284,32578,14,1
"292962",713199,48628,9,1
"804081",1982547,47630,13,1
"1131490",2796157,5134,17,1
"792213",1951577,28204,5,1
"10908",26318,283,1,1
"338983",826274,36423,16,1
"1343396",3319516,18765,8,1
"977345",2410189,20406,24,1
"257770",628947,14508,18,1
"1000769",2472433,22105,9,1
"769339",1893317,30700,3,1
"1283407",3169965,38730,5,1
"822636",2028964,35321,12,0
"945641",2333011,49257,24,0
"412329",1009901,24852,4,1
"1121889",2772574,27323,25,1
"549337",1351719,42315,20,1
"780755",1922062,40310,2,0
"322739",785637,35042,19,1
"376045",918151,25824,17,1
"172404",422234,5876,6,0
"1220432",3015792,40670,4,1
"955422",2356597,23801,29,1
"1331721",3290255,43320,14,0
"784705",1932229,21137,1,1
"1291791",3191357,42442,9,1
"502172",1233389,20379,20,0
"625853",1540934,3295,3,0
"1284217",3172090,10504,7,0
"581428",1429603,19186,23,0
"54383",133473,27676,15,0
"573695",1410433,36397,3,0
"1004931",2482831,33543,7,0
"975382",2406264,28934,20,1
"167357",409778,32455,4,1
"475903",1165962,16202,23,0
"1266220",3128441,46960,11,0
"353238",860286,4357,4,0
"284183",691500,16797,16,1
"325747",793286,3108,7,1
"1340557",3312681,42891,12,0
"1142948",2823198,17795,13,0
"668989",1644648,1364,1,1
"389144",950002,43945,5,1
"945132",2331854,26062,34,0
"996945",2461484,26668,17,1
"419201",1026638,47766,3,1
"446322",1092827,47626,13,1
"183653",449923,22876,2,1
"481991",1181750,33956,18,1
"378596",924272,38167,5,0
"613830",1511653,12157,17,0
"457669",1120673,27521,25,1
"778984",1917765,26900,2,1
"750832",1848166,25093,10,0
"142495",347286,26940,3,1
"656920",1615787,30776,4,0
"984084",2428857,37067,1,0
"684723",1682847,44910,9,0
"811008",1999934,17630,29,0
"1361986",3366245,47209,4,1
"407174",996709,22935,5,0
"813456",2007043,43631,1,1
"1038162",2567144,21137,8,1
"1155500",2855574,29987,6,0
"129087",315472,40745,10,0
"940052",2319159,18918,17,0
"913813",2255367,27845,1,1
"944262",2329546,41149,8,1
"223955",548423,32478,1,1
"197093",482916,45946,6,0
"976476",2408045,13225,24,1
"272016",662460,13974,3,0
"574970",1413782,10343,2,1
"114541",280429,34448,26,1
"677182",1663854,24852,3,1
"374131",913804,22963,8,1
"832751",2052796,11826,3,1
"287292",698752,17691,4,1
"1364526",3372838,46562,2,0
"662922",1630716,46979,2,0
"407993",998678,38679,2,1
"412921",1011157,248,6,1
"892252",2200872,45346,7,1
"224949",550749,38847,5,0
"1029843",2545884,44514,8,1
"227476",557003,27845,1,1
"103711",255635,28578,7,0
"449113",1099741,45353,12,0
"299123",728096,25199,3,1
"397081",970393,21553,2,1
"572819",1408868,2493,33,0
"1140686",2817917,27179,11,0
"176060",430808,32877,16,0
"245289",598401,46979,8,0
"1250124",3088960,13629,11,1
"55826",136917,13083,4,1
"585768",1440182,40906,16,0
"1139416",2815119,42736,10,1
"309931",755436,9839,1,0
"181405",444786,30292,2,1
"178161",437248,54,2,0
"1260566",3115641,47766,19,1
"1317471",3254869,46667,11,1
"1162026",2872508,45512,17,0
"1338450",3306985,5994,20,0
"25021",60372,32890,3,1
"925082",2282785,43352,4,1
"1325093",3273662,10369,5,0
"682380",1675769,24852,2,1
"7364",17829,47209,7,1
"1120436",2768547,32184,12,1
"323682",787841,43768,7,1
"842658",2079144,49209,12,0
"65922",162130,196,1,1
"361146",878982,21616,11,1
"447226",1095339,34347,7,0
"413279",1011957,40742,1,1
"851101",2101176,23734,3,0
"198765",486647,2433,18,1
"973509",2401607,30720,1,0
"451450",1104764,36149,1,1
"530481",1302446,43192,12,1
"216998",531241,7597,2,1
"489083",1201039,30219,4,1
"960269",2368422,40449,4,1
"870855",2148281,21616,1,1
"585691",1440117,10060,10,0
"1217557",3007553,41844,14,0
"260306",634618,36591,3,0
"139165",339941,27313,7,0
"879229",2168759,46889,20,0
"50909",125454,4235,17,0
"344040",837947,37710,5,1
"69460",171269,14858,27,0
"251321",613572,40516,1,0
"943348",2327674,7751,2,0
"369883",903107,14778,2,1
"1353750",3344543,6317,19,1
"1313664",3245142,34005,13,0
"706238",1736119,46088,3,1
"1226018",3029722,44204,26,0
"654879",1611487,28157,1,1
"718655",1766616,196,3,1
"927503",2289364,12519,2,1
"537042",1319510,14233,1,1
"311493",758614,37923,1,1
"21122",51335,47626,1,1
"520941",1279811,35167,2,0
"874481",2156254,31343,19,1
"766151",1885985,21616,8,0
"850854",2100415,21903,5,1
"1135228",2805533,46793,33,0
"545660",1342745,40174,1,1
"387924",947003,35898,24,1
"39586",97455,46886,25,1
"138082",337286,5161,4,1
"189146",463895,46313,5,1
"596956",1468188,35628,7,1
"640257",1575871,23049,14,1
"223785",548002,21709,1,1
"1208619",2985224,44359,21,1
"1237443",3056376,39099,1,1
"1280115",3162638,21137,4,1
"581858",1430612,19624,17,0
"39761",97861,11755,9,0
"1076845",2662078,35221,8,1
"569987",1401017,41339,1,1
"1322420",3266886,12811,4,1
"809935",1997507,7241,8,1
"418614",1025582,22767,45,1
"81537",201681,9550,21,0
"183578",449836,12980,18,0
"320048",779687,48171,1,1
"47589",117018,4472,5,0
"208326",510341,25985,2,1
"1383656",3419156,1952,5,0
"692888",1703307,2832,32,0
"134528",328367,2295,5,1
"24121",57969,19057,13,1
"339525",827482,24852,1,1
"785523",1934139,47766,2,1
"48057",118332,43143,6,1
"1004319",2481344,35221,4,1
"95813",237738,8727,2,0
"920447",2271311,12606,2,1
"1364787",3373607,47766,5,1
"656691",1615256,47209,9,1
"152229",371933,46650,9,0
"206125",505607,196,1,1
"7692",18769,21903,2,1
"138490",338348,45033,1,1
"1327908",3281311,16797,2,1
"655573",1612869,21137,18,1
"419252",1026705,13176,1,0
"893151",2203380,16387,24,0
"934619",2306503,19660,4,1
"78519",194187,11712,4,1
"283071",688936,42282,3,0
"303373",738423,43662,7,1
"971269",2395944,38273,19,0
"295167",719165,22677,3,1
"1254428",3100970,43713,15,1
"699503",1719501,1158,3,1
"185419",453759,45007,19,1
"553610",1361193,23794,2,1
"795434",1959501,40706,5,0
"610395",1501847,5031,2,1
"1350440",3336623,34137,10,1
"250112",610370,43295,4,0
"917264",2263833,38768,7,1
"628031",1546270,7628,3,0
"119443",291687,5618,15,0
"154521",377115,17878,4,0
"443050",1084714,48679,12,1
"1346142",3325666,17988,2,1
"1228963",3036182,47492,12,1
"994500",2456288,46979,29,0
"268447",654296,49683,20,0
"1203901",2973912,30391,5,0
"751329",1849458,47209,1,1
"894577",2207390,44653,4,1
"283098",689047,9411,1,1
"248777",607445,24962,5,1
"1302190",3216783,28985,10,1
"125388",306612,25138,7,1
"1319583",3260371,790,1,1
"587090",1443712,5134,12,0
"874980",2157344,5825,3,1
"13968",33771,40214,3,1
"39884",98229,26369,2,0
"1251242",3092077,45437,12,1
"1169662",2890510,15261,6,0
"554556",1364009,21137,8,1
"207223",508051,21903,9,1
"1120694",2769277,42587,1,0
"1381413",3414214,21385,19,1
"1281633",3166179,39101,1,0
"894669",2207468,46820,1,1
"632501",1557482,47854,8,0
"639110",1573128,31502,2,1
"552693",1359133,22031,24,0
"1354993",3347611,38510,12,0
"630347",1551842,29223,5,1
"1300616",3212669,38159,15,1
"138636",338650,8277,13,1
"1142950",2823202,17859,1,1
"56980",139588,24830,6,0
"641283",1578587,6813,13,1
"83935",207425,39581,3,1
"935029",2307420,32030,12,1
"393289",960693,12206,19,1
"877266",2163477,48004,5,1
"1348827",3332351,34126,6,0
"289615",704708,33548,6,1
"712880",1753164,42828,18,0
"326626",795403,31883,4,1
"7313",17741,5876,7,1
"376670",919637,4605,7,1
"98981",244650,21903,5,1
"892507",2201462,43961,8,1
"1093450",2703125,44449,4,0
"389665",951085,18618,5,1
"5727",13988,10948,13,0
"387506",946006,9076,2,0
"409141",1001621,33120,1,1
"1282158",3167268,1242,16,0
"825178",2034768,27783,15,0
"1312309",3241842,31248,1,0
"192999",472760,29848,9,1
"1260544",3115525,5258,1,0
"247196",603384,49235,27,1
"769980",1894619,37228,23,0
"233870",571378,15937,23,1
"139160",339941,10892,2,1
"572948",1409109,17650,6,1
"235275",574323,26188,25,0
"1100332",2719945,38650,19,0
"215620",528122,45007,17,1
"478511",1172369,10749,12,1
"46434",114289,37067,5,0
"811709",2001987,28450,5,0
"812479",2004171,44449,2,0
"816728",2015262,14197,16,0
"493038",1210450,22825,3,1
"614551",1512910,45488,16,1
"495417",1216882,37067,8,1
"1346864",3327683,10673,5,1
"1209164",2986355,18168,13,0
"617752",1520320,45007,13,0
"286737",697382,12699,24,0
"1303012",3218271,11777,4,1
"1214895",3000463,24184,6,1
"113070",276318,31663,21,1
"1322598",3267371,29307,12,1
"703123",1729327,24506,7,0
"1167315",2885101,10246,4,1
"874108",2155322,37615,4,1
"534313",1312449,25705,6,1
"1061209",2623987,4957,2,1
"1101372",2722403,47380,2,1
"721397",1773456,30489,5,0
"909065",2243912,42097,13,0
"711126",1748911,2295,21,1
"281640",685985,49156,1,1
"906650",2237873,34049,10,0
"140905",343610,23810,23,1
"1026317",2538141,14414,1,1
"1206367",2979827,40199,3,1
"798563",1966986,18811,1,1
"280021",682371,2452,18,1
"834692",2057284,22226,11,0
"99225",245179,2716,30,0
"1046392",2588247,45066,9,0
"887735",2190408,554,12,1
"955178",2355953,26351,22,1
"325396",792176,42987,10,1
"133952",326540,39578,17,0
"1287274",3180214,6631,3,0
"814834",2010013,9515,4,0
"394707",964244,2954,1,1
"1055215",2610040,2825,11,1
"1289573",3185625,13870,1,1
"264581",644718,5876,16,1
"1297801",3205244,32566,7,1
"783800",1929835,42736,8,0
"164457",402531,47626,6,1
"921929",2275315,34956,19,1
"1272347",3142996,12719,23,0
"609042",1498264,24810,2,1
"142391",346985,24852,2,1
"1369614",3385849,41259,11,1
"654952",1611735,17316,3,1
"271036",659793,11005,13,1
"472223",1157053,31883,4,1
"684602",1682573,45004,1,1
"684448",1682034,11576,10,0
"736164",1810873,11572,6,1
"1269710",3136404,25720,18,0
"41254",101235,34688,3,1
"368564",899497,24816,7,1
"1031137",2549151,23126,11,1
"363111",884188,27845,10,1
"48701",120025,48137,3,0
"1097065",2711134,46979,10,0
"104665",257948,39928,8,1
"225917",553100,2099,8,1
"889862",2195625,24561,12,1
"137198",334643,47626,1,1
"481930",1181636,34022,16,1
"1342964",3318609,49376,2,0
"1310460",3236783,8479,20,0
"645200",1587869,13176,4,1
"348359",849534,38739,3,0
"531438",1305220,18023,5,1
"212834",521770,46584,1,1
"296568",722719,36522,4,1
"1034802",2558200,25659,31,1
"855966",2112974,6902,10,0
"403639",987602,44910,11,1
"479440",1174881,7156,12,1
"1287159",3179593,41970,11,0
"814661",2009673,30391,8,1
"75647",187107,6218,13,1
"1194249",2950266,35045,8,1
"619541",1524377,13176,8,1
"468125",1147584,22255,11,0
"633411",1559569,13646,1,1
"1327891",3281236,34244,14,0
"1220331",3015410,47877,1,0
"287404",698950,18234,11,0
"1057630",2615303,3289,7,0
"495364",1216743,49667,2,0
"402049",983653,5785,7,1
"1200876",2966311,21903,6,1
"1109067",2741313,19660,1,1
"202448",496689,44189,3,1
"658780",1620314,46526,10,1
"881378",2174043,30720,3,0
"1302535",3217422,42205,13,1
"275207",670166,260,13,0
"569049",1398520,40516,4,0
"787354",1938710,46061,8,1
"1144836",2827780,38557,20,1
"1345561",3324670,40706,3,1
"417302",1021926,28987,11,1
"965119",2381101,20754,9,1
"548598",1349969,25371,4,1
"927941",2290545,24852,2,1
"1227131",3032116,47766,8,1
"1271544",3141118,7805,1,1
"346224",843692,43154,4,1
"765890",1885519,13176,5,1
"1033341",2554984,35510,5,1
"1128871",2790111,36032,15,0
"1122883",2775070,38077,7,0
"1221764",3019199,32463,1,0
"960497",2369300,21616,9,1
"1311034",3237892,7835,14,1
"999784",2469742,7135,7,0
"138594",338535,21137,1,1
"70624",174322,39180,5,1
"1301243",3214480,2519,3,0
"561655",1380391,23296,5,0
"175086",428590,44368,1,1
"689574",1694633,8247,8,1
"25323",61280,36994,5,1
"1129678",2792577,47626,13,1
"437526",1070297,14814,4,0
"292555",712350,11361,5,0
"1055358",2610335,30918,4,1
"586809",1443195,35503,5,1
"266783",650147,15599,7,1
"560100",1376589,4871,6,1
"251015",612690,49314,33,1
"1225293",3028213,37940,1,1
"1004109",2480815,9913,5,1
"994254",2455822,5248,9,0
"670234",1647185,15976,4,1
"929351",2294475,24184,4,1
"307563",748535,1749,2,1
"419428",1027190,47366,3,1
"564627",1387646,30391,14,1
"928771",2292551,12845,12,0
"946096",2334096,17206,2,1
"814507",2009327,45437,1,1
"1314363",3246632,8069,15,1
"417412",1022232,11808,9,1
"285179",693317,26197,14,0
"1170770",2893200,21153,7,1
"911006",2248546,3515,6,1
"119551",292114,5748,23,1
"607085",1493214,41966,9,1
"609082",1498364,7802,5,0
"1200977",2966776,19660,5,1
"271361",660514,12442,9,0
"304554",741563,20015,5,1
"514427",1263905,28199,7,0
"1265525",3126571,33135,6,1
"1109895",2742820,12341,4,0
"1030930",2548840,37220,3,0
"741554",1825332,38456,6,1
"1155064",2854455,46868,18,1
"621860",1529874,13176,4,1
"1318418",3257487,33352,11,1
"218746",535453,10957,6,0
"1112709",2750455,6933,2,1
"246874",602522,12044,14,0
"1329064",3284040,28278,13,1
"22456",54166,46667,8,1
"454840",1112902,20561,20,0
"631940",1556081,30391,10,0
"726009",1785418,18583,4,1
"332824",809920,4472,2,1
"1274043",3147373,15768,3,1
"1219473",3012764,20738,35,1
"1126361",2784192,6182,1,1
"785920",1934929,34969,7,0
"645680",1588827,39275,21,0
"172572",422787,30696,9,1
"681944",1674689,35561,3,0
"925516",2283887,6656,2,0
"1045835",2586867,7751,2,0
"1382272",3416459,5060,8,1
"97554",241717,28199,7,1
"646934",1592300,4920,5,1
"524456",1288248,23383,3,1
"833045",2053699,27044,5,0
"551389",1356177,41950,16,1
"458954",1124212,11520,1,1
"533119",1308998,44632,15,0
"137696",336192,41290,2,1
"30022",73020,32642,3,1
"716977",1762597,162,4,1
"695138",1708388,22328,12,0
"325540",792527,19446,4,0
"33376",81061,46990,13,1
"714679",1757358,37656,8,0
"284921",692804,21688,9,0
"1243471",3071210,29589,5,1
"1056538",2613166,1086,7,1
"381829",931827,32429,20,0
"863899",2131359,26480,13,1
"185864",455029,42504,1,1
"192261",471111,35510,8,0
"1111240",2746521,28289,14,0
"5959",14454,40261,6,0
"1037034",2563758,16797,5,0
"1103881",2728384,24852,4,1
"527393",1295505,447,8,1
"350138",852885,12672,1,0
"696184",1711092,47209,3,1
"740662",1823099,6587,4,1
"835333",2058932,10782,15,0
"779862",1919645,26209,8,0
"460978",1129027,8174,9,0
"367902",897708,34126,3,1
"244940",597708,39040,15,1
"373290",911690,21286,16,1
"376707",919768,21616,1,0
"1072656",2651424,3145,16,0
"713082",1753410,49628,6,0
"426304",1043150,8518,4,1
"88248",219841,20919,4,0
"982243",2424099,10121,4,1
"680653",1671786,44156,4,0
"1314059",3246256,34358,8,1
"332401",808999,13740,9,1
"144126",351776,49235,1,1
"360196",876505,30391,8,0
"638441",1571780,25533,17,0
"900499",2222679,37220,13,0
"1075880",2659390,21872,6,1
"1154711",2853413,38739,4,0
"1102529",2724923,27086,1,1
"1101429",2722606,24983,12,0
"382172",933102,32864,10,0
"146886",358609,22959,2,0
"732854",1802119,40604,16,1
"190460",466588,31692,39,1
"880474",2171643,34993,15,0
"1196313",2954890,21019,9,1
"1372326",3392896,37988,37,0
"508645",1249047,21137,5,1
"8773",21029,25821,11,0
"261702",637781,27845,2,1
"933629",2303918,27521,13,1
"287821",699903,49267,12,1
"344479",839135,33206,7,1
"53083",130920,47626,13,1
"1030037",2546332,9227,17,0
"1022732",2529208,21134,9,0
"913304",2254270,46393,14,1
"895908",2210475,30217,1,1
"376406",918995,920,1,1
"247139",603293,7559,2,1
"420041",1028953,28904,2,1
"17285",41665,28104,13,0
"1082983",2676810,24954,22,0
"203649",499716,1468,1,1
"535091",1314323,16977,6,1
"1295386",3199506,42899,5,1
"393485",961067,21137,3,1
"138202",337852,31805,5,1
"961053",2370731,21903,30,1
"416174",1019704,45258,24,1
"836495",2062131,780,3,1
"935282",2307995,41387,4,0
"367802",897455,47734,11,1
"1000949",2473199,10190,4,1
"70620",174322,30776,1,1
"354193",862461,4410,2,1
"1285980",3176792,21267,12,0
"33419",81117,39993,5,1
"410629",1005265,27966,11,0
"1072776",2651760,41808,5,1
"277442",676180,19894,1,1
"620340",1526273,36552,9,1
"1266439",3128943,44570,8,1
"794248",1956066,33044,1,1
"1057192",2614427,39408,28,0
"652277",1604927,6182,6,1
"1225453",3028728,12323,1,1
"1248384",3083761,33527,16,1
"1025471",2535661,10673,2,1
"1287961",3181741,22720,2,0
"1353271",3343536,2452,22,0
"816553",2014827,43772,24,1
"429076",1049343,11925,14,1
"910924",2248227,31663,2,0
"1024907",2534479,38371,3,0
"500332",1228500,26088,6,0
"785347",1933620,43908,7,1
"680793",1671948,25043,19,0
"190912",467591,8518,5,0
"759216",1869817,37635,12,1
"1269827",3136877,34862,9,0
"1004828",2482721,46709,6,1
"304112",740700,36256,5,1
"1346956",3327914,42403,21,0
"1359845",3360503,30700,3,0
"495925",1218156,38909,26,0
"1139628",2815701,24273,11,1
"1302696",3217616,33086,12,0
"1263949",3122798,4421,5,0
"615610",1515610,37646,12,0
"542151",1334633,46175,13,1
"609743",1500373,3957,9,1
"744037",1830278,5819,16,1
"132648",323728,21137,13,1
"1080080",2670173,13709,23,1
"1094839",2706142,46650,2,1
"723473",1779127,6347,1,1
"1249643",3087316,26914,1,1
"352756",859180,47141,1,1
"379644",926338,36070,7,0
"1054248",2608232,17454,31,0
"391174",954899,15866,4,1
"1080973",2672704,20985,6,0
"881118",2173360,21057,16,0
"1156160",2857242,13385,8,0
"1144313",2826285,47209,4,1
"1147878",2836412,44426,11,0
"880504",2171676,22882,15,1
"1217785",3008145,8469,10,0
"837613",2064965,48205,3,0
"801676",1975156,15269,12,0
"985462",2432706,2677,7,0
"42386",104170,8018,2,1
"1305917",3225613,17343,38,0
"980238",2417708,39812,15,0
"614773",1513379,11420,17,0
"936579",2311098,18019,12,1
"1250892",3091196,47223,6,1
"1026268",2538020,2295,1,1
"775096",1908208,39303,7,1
"902289",2226948,7916,5,1
"102465",252754,28476,2,1
"933206",2303071,36962,2,1
"1259619",3113403,5271,24,0
"836957",2063183,24852,1,1
"163256",399721,40706,9,1
"1301985",3216266,4605,5,1
"688890",1693132,18598,2,1
"1280345",3163322,30391,11,0
"1312076",3241461,28199,6,1
"687773",1690441,36618,21,0
"577963",1420902,10565,1,0
"82837",204378,13263,3,0
"131241",320037,15613,27,1
"686842",1688121,35233,3,0
"164527",402814,5134,14,0
"1035689",2560340,39719,5,1
"279836",682024,33587,3,0
"1011912",2500057,47766,19,1
"693503",1704886,11826,3,1
"773782",1904866,21938,1,1
"254441",621430,36164,1,1
"388979",949581,2238,5,0
"839117",2068987,31275,12,0
"554045",1362730,4605,13,0
"397009",970215,21013,4,0
"840483",2072771,31533,14,0
"712305",1751595,16953,3,1
"217032",531272,21417,33,1
"517275",1270199,7806,7,1
"1323695",3269826,34243,1,1
"1268867",3134387,6340,22,0
"30148",73354,48946,2,1
"331027",805694,16797,4,1
"913706",2255174,11323,5,0
"859667",2121633,40858,9,0
"363212",884455,33222,2,1
"246163",600985,28465,6,1
"1230908",3040906,20161,9,1
"142564",347492,19578,5,1
"546911",1346134,5303,4,0
"243021",593239,17600,22,0
"1332824",3293533,46667,15,1
"1294118",3196586,11494,22,0
"1182752",2922492,47766,2,1
"158822",387824,30391,3,0
"850825",2100330,46227,13,0
"815221",2011084,24852,1,1
"603662",1484197,37836,10,1
"35524",86762,4921,12,0
"484561",1188438,42625,12,0
"1335570",3300549,14536,5,0
"201770",494597,4920,7,1
"851663",2102652,5612,16,0
"481855",1181590,39408,2,1
"804280",1983286,429,6,0
"1324559",3272136,8350,26,1
"1330696",3287863,9839,4,1
"359205",873961,22395,9,1
"580506",1426828,13176,1,1
"581582",1430062,22935,10,1
"773661",1904543,31134,11,0
"870906",2148337,46700,22,1
"272736",664237,27003,4,1
"1311436",3239218,22227,19,1
"649323",1598119,29429,1,1
"1354408",3346187,38456,5,1
"612621",1507949,22828,6,1
"818847",2019625,13874,17,0
"502210",1233517,5876,2,1
"453753",1109954,17044,5,0
"1360920",3363401,36956,6,0
"420422",1029567,41488,27,1
"373999",913574,18224,8,1
"137675",336089,8654,6,1
"783748",1929781,18963,24,1
"302448",736545,49383,1,1
"869194",2143709,11777,3,1
"958518",2364095,4942,1,1
"546230",1344515,5077,4,1
"96590",239449,16223,1,0
"274244",667701,27177,11,1
"479767",1175815,2014,5,1
"1034510",2557528,24759,1,1
"639496",1574057,11219,6,0
"9985",23978,43371,5,0
"1255788",3104677,15683,19,0
"1095423",2707350,33120,5,1
"806161",1987934,12745,8,1
"1286926",3178977,18441,3,0
"89970",223902,44594,4,1
"571946",1406254,12118,12,0
"676064",1660775,19254,15,1
"1217058",3006133,43316,18,0
"1298400",3206640,45007,20,1
"256375",625318,6182,10,1
"1046950",2589576,47672,5,0
"351723",856965,45190,8,1
"1151393",2845055,24852,1,1
"1094807",2706096,39928,8,1
"197989",484619,41950,7,1
"1045947",2587105,2966,2,0
"155134",378945,28916,5,0
"623815",1535432,18811,1,1
"432826",1057693,40174,9,0
"86712",215493,45537,8,1
"1009143",2493256,23375,9,0
"469934",1151455,23094,2,1
"17883",43443,3737,7,0
"1241824",3067088,21903,9,1
"1048111",2592096,16768,8,1
"778540",1916876,16866,4,1
"310796",757437,9554,12,0
"114199",279500,24852,2,1
"881794",2174949,21616,6,0
"729014",1793332,28476,10,1
"768391",1891387,49683,8,0
"1189865",2939649,33288,6,0
"1230370",3039840,23020,4,1
"6473",16097,45948,1,1
"1022739",2529208,26096,16,0
"935637",2308852,27104,7,1
"392361",958906,46676,4,1
"168882",413274,18992,3,1
"420362",1029535,22007,40,0
"376090",918183,6873,8,0
"1292806",3193841,30391,4,1
"658623",1620055,21709,1,1
"1299925",3210863,31915,9,0
"896121",2211167,23288,3,1
"18356",44490,5258,6,0
"23975",57650,47734,5,0
"1379906",3411016,28985,9,1
"1227027",3031849,432,15,1
"108344",265952,35939,16,0
"174206",426862,49260,12,1
"921501",2274102,1700,16,1
"196615",481788,40338,6,1
"435665",1064918,33897,5,1
"1128864",2790111,6142,8,0
"627854",1545725,34262,14,0
"340958",831130,44580,32,0
"1097376",2711951,39581,7,1
"1239295",3061027,23029,23,0
"415429",1017659,40541,8,1
"42926",105733,26128,12,0
"18002",43722,43352,24,0
"228785",560337,7419,5,0
"745406",1833607,2130,13,1
"1082290",2675211,5537,2,0
"975230",2406004,8041,7,1
"361073",878658,21903,18,1
"1239641",3061800,33575,1,1
"12328",29750,13858,6,1
"256806",626157,40945,9,0
"1365943",3376976,24024,1,1
"1282153",3167268,38548,11,0
"584167",1436141,26209,5,1
"408902",1000685,41610,14,1
"948700",2340267,27548,7,0
"352304",857995,14895,7,1
"463322",1135105,13424,13,1
"811280",2000849,45066,2,1
"947612",2337940,5876,2,1
"767230",1888756,5450,3,0
"656163",1614045,32650,4,1
"291987",710927,21137,1,1
"635512",1565115,10121,3,1
"1057465",2614927,18918,6,0
"394181",962814,32478,1,1
"850522",2099337,2535,4,0
"220670",540993,24235,9,1
"236430",577269,29315,4,1
"184419",451312,28745,8,1
"364510",887305,43961,10,0
"154615",377477,42443,1,1
"1281386",3165522,18027,22,1
"1262713",3119955,38273,6,0
"1058545",2617460,34358,6,1
"896452",2212156,17333,31,0
"1102864",2725772,8277,2,1
"288722",701844,46364,3,0
"996644",2460693,13629,8,1
"1269048",3134889,27966,10,1
"738470",1816905,18288,14,0
"337280",822172,7014,1,1
"662913",1630634,17948,26,1
"334694",815161,18435,6,1
"541698",1333290,20014,12,1
"1137624",2810696,26620,9,0
"178765",439122,22031,6,0
"703403",1729822,28204,4,0
"1384521",3420895,3108,7,1
"614292",1512469,16696,3,0
"53376",131557,47209,1,1
"1254227",3100214,38159,11,0
"391940",957477,49585,7,0
"801259",1973864,8529,4,1
"336575",819853,4605,20,1
"602788",1482543,43484,4,1
"121474",297082,7628,8,1
"1186430",2931759,12341,1,1
"33675",81691,6000,5,0
"1139150",2814426,4809,9,1
"687969",1691092,27697,1,1
"1293150",3194783,13076,6,0
"202642",497058,15683,18,0
"391153",954716,432,11,1
"436719",1067879,38768,1,1
"1190272",2940272,11974,7,1
"31677",76584,24184,8,1
"779079",1917882,4605,4,1
"728189",1791239,24643,6,1
"293045",713348,38015,21,1
"526214",1292925,11140,1,1
"1083823",2678587,38928,1,1
"139829",341496,5769,11,0
"589664",1449699,644,8,0
"828360",2042804,8424,13,1
"669254",1645042,44785,6,1
"1081195",2673128,26242,1,0
"1372887",3394576,44632,13,1
"1028286",2542741,15512,2,1
"1007437",2488912,14104,26,0
"818276",2018548,31040,11,0
"525178",1289947,47209,1,0
"294967",718344,45183,27,0
"586511",1442205,3376,5,0
"1266231",3128469,26384,6,1
"1130438",2793824,43735,7,1
"1079249",2668353,30391,5,1
"765970",1885626,46979,5,1
"555018",1365145,7644,1,0
"1128300",2788818,25403,1,1
"1352251",3340763,43713,1,0
"1231127",3041233,20574,22,0
"359663",874999,42701,18,1
"516323",1268210,1614,8,0
"81817",202281,45989,17,0
"922168",2275990,36011,22,1
"1017395",2515988,35140,11,1
"498750",1224655,1875,8,1
"1147129",2834070,39961,12,0
"1297689",3204929,23334,4,1
"137284",335011,48097,8,1
"711329",1749666,32331,1,1
"3594",8595,3896,7,1
"22982",55278,16848,17,0
"456196",1116838,38768,1,1
"927295",2288792,31995,10,0
"403170",986202,16797,9,1
"351282",855489,31506,7,0
"1241378",3065755,46572,9,1
"1287204",3179908,3947,6,1
"1272435",3143195,27344,15,1
"337243",822017,25017,2,0
"760487",1872553,24852,2,1
"173548",425592,28745,8,1
"1225888",3029598,13176,6,1
"444026",1087169,11913,2,1
"455149",1113866,18281,10,1
"442814",1084025,43279,2,1
"976338",2407797,18531,15,0
"933650",2303926,36691,10,1
"48587",119793,27730,6,0
"156136",381468,26040,10,0
"1362302",3367078,45007,2,1
"200022",489969,3389,2,0
"1120406",2768456,16869,7,1
"874599",2156441,47873,8,0
"619326",1523973,20332,9,1
"352214",857771,7930,1,1
"971207",2395806,5450,2,1
"153974",375970,21405,10,1
"426327",1043176,16823,1,1
"560808",1378195,39097,3,1
"98097",242994,27845,4,1
"165409",404658,8193,14,1
"163945",401586,47759,4,1
"457197",1119013,30391,7,1
"553747",1361650,42495,12,1
"573816",1410661,8558,7,1
"208798",511356,24749,11,0
"434265",1061358,37011,5,1
"391926",957446,44142,10,0
"487983",1198240,46041,2,1
"148935",363795,7353,7,1
"1253809",3099234,14647,7,0
"73200",180897,36086,3,1
"121652",297586,45679,8,0
"934794",2306784,28199,12,1
"148520",362722,9065,24,0
"496088",1218677,15794,1,1
"454425",1112006,38978,1,1
"1222704",3021717,41950,8,0
"481353",1180204,49235,5,1
"592378",1456882,13176,3,0
"840810",2073675,28993,10,1
"968714",2389994,24838,3,1
"975153",2405942,9839,3,1
"773018",1902858,43352,5,1
"816785",2015353,11909,19,1
"1017062",2515097,10504,29,1
"151859",371052,30827,12,1
"472886",1158954,24170,39,1
"1236748",3054797,14901,14,1
"1107941",2738695,38609,3,0
"695430",1709280,45453,11,1
"366279",892524,25877,14,0
"1043705",2581707,29875,14,0
"154834",377978,42443,2,0
"1140727",2818052,12341,5,1
"899776",2221060,42265,1,1
"349340",851233,24964,33,1
"1249525",3087074,45123,7,1
"206305",506233,28792,9,0
"848738",2095696,36060,11,1
"1107277",2737043,45504,16,0
"1227931",3033935,45599,4,0
"566117",1390728,45007,11,1
"1127933",2788042,27985,6,0
"401206",981240,25659,4,0
"320944",781241,26900,1,1
"1108010",2738788,11281,7,1
"793357",1954213,29256,18,1
"1068855",2642566,16020,7,0
"1283514",3170244,30169,5,0
"674962",1658163,16797,8,1
"364098",886285,42736,5,0
"551860",1357192,18814,2,1
"1157206",2859605,38264,8,0
"891943",2199922,34034,14,1
"529854",1300897,7130,2,1
"918210",2266075,39877,7,1
"1092059",2699319,5068,12,0
"758984",1869492,8518,16,1
"319458",778346,46676,7,1
"954381",2354001,33731,6,0
"987264",2437543,6799,2,1
"1209203",2986385,49279,15,0
"383320",935325,37119,11,1
"584789",1437951,3389,3,1
"644762",1586821,28985,3,1
"156201",381537,22882,24,1
"352128",857517,4533,6,1
"1280789",3164360,16387,17,1
"349163",851026,34605,5,1
"893307",2203814,33438,19,1
"94629",234740,14146,3,1
"1355816",3349689,39877,5,0
"293011",713290,43086,4,1
"416729",1020820,15100,14,1
"103750",255693,19348,2,1
"425311",1040001,26209,5,0
"550469",1354585,34126,2,0
"1174",3484,8277,7,1
"309881",755216,34094,13,0
"144851",353498,33731,39,1
"1080656",2671730,15290,14,1
"752585",1852517,2237,13,0
"839074",2068912,3798,1,1
"736076",1810646,31717,8,1
"1000712",2472313,47626,4,1
"1066532",2636741,40310,15,0
"149197",364582,10749,4,1
"666060",1638631,5652,13,1
"1212128",2993854,4421,12,1
"1348363",3331445,31992,13,0
"1041024",2574810,31371,14,0
"853543",2107214,30391,14,0
"527530",1295756,47626,2,1
"1120381",2768366,46908,5,1
"795064",1958771,28842,1,1
"827553",2040962,14197,8,0
"549644",1352523,33819,3,1
"1311494",3239562,6184,4,0
"906036",2236526,45364,4,1
"385735",941431,46676,1,1
"1046904",2589419,27065,15,1
"870248",2146702,38650,13,1
"394060",962516,7533,1,1
"869968",2145986,17224,5,1
"1211389",2991946,27196,18,1
"498956",1224975,13304,20,1
"1162333",2873106,21019,20,1
"371205",906236,21903,2,1
"1300568",3212419,9510,8,0
"1037461",2564907,42768,5,0
"643282",1582931,19846,24,1
"1196826",2956404,18523,4,0
"793887",1955366,9825,3,0
"1119220",2765592,31640,24,1
"264623",644853,28204,3,1
"406884",996004,43961,13,0
"700416",1721738,40338,20,0
"1085824",2682845,31640,40,1
"73574",181788,10032,12,0
"11229",26820,22183,10,0
"782820",1927523,27356,17,0
"951592",2347517,35143,14,0
"975426",2406282,18394,14,1
"1319923",3261021,39180,2,1
"1309319",3234225,33745,2,0
"676429",1662114,28842,2,1
"506817",1244858,24852,2,1
"535452",1315474,48094,1,1
"186773",457874,48812,3,1
"911366",2249558,13176,6,0
"353911",862058,46667,5,1
"875392",2158156,21903,4,1
"370104",903541,27966,3,1
"382764",934399,4605,10,1
"332365",808857,26409,5,1
"559209",1374864,32139,8,1
"759746",1870998,3382,11,0
"509703",1251068,20114,15,0
"818256",2018476,41950,5,1
"309607",754454,93,7,1
"485378",1190887,24852,2,1
"195015",477931,44632,3,1
"697839",1715082,42265,12,1
"407735",998080,48290,2,0
"1324104",3270880,39024,10,0
"1068056",2640658,42895,2,1
"134134",327114,30849,6,0
"411683",1008360,42084,1,1
"828239",2042580,8670,8,0
"1372597",3393751,4781,12,1
"609760",1500461,20382,9,1
"1336872",3303549,16793,8,1
"905113",2234348,35951,22,1
"1309116",3233932,8277,15,1
"1323510",3269412,3265,4,1
"634199",1561684,40961,13,1
"565894",1390161,27845,4,1
"1122757",2774867,17872,12,1
"157957",385989,13642,6,1
"968122",2388481,20114,5,0
"688837",1692969,37543,2,1
"197957",484525,21582,37,1
"1316858",3253438,27521,2,0
"1148674",2838543,17168,3,1
"934051",2305080,8723,3,0
"1195628",2953372,28915,11,0
"35539",86834,37508,5,1
"1054136",2607930,17795,1,0
"364700",887569,33937,18,1
"86490",214718,24838,3,0
"350676",854289,38747,8,0
"369922",903162,26405,1,1
"618989",1523093,5646,14,1
"1353715",3344525,13263,9,1
"1231383",3041664,25890,8,1
"1383981",3419634,21506,20,0
"717855",1764224,1313,5,1
"1338768",3307920,20142,8,1
"461351",1129850,6187,12,1
"766243",1886120,365,6,1
"889105",2194051,28985,1,1
"698728",1717836,40268,1,0
"1031928",2550921,35909,1,0
"469122",1149533,3330,25,1
"849333",2096905,15981,8,0
"400155",978475,18034,8,0
"894397",2207061,30391,5,1
"152900",373658,7120,3,1
"669147",1644899,26209,37,0
"736594",1812152,13225,15,1
"679827",1669711,8670,16,0
"859674",2121648,1979,7,0
"901819",2226003,35898,15,1
"1136903",2809081,29370,7,0
"976308",2407695,45019,10,0
"190106",465769,25837,6,0
"1346048",3325449,16846,14,0
"624434",1536640,11182,23,0
"350830",854407,21295,20,0
"331096",805875,27695,8,1
"940532",2320248,24852,18,1
"920662",2271773,21334,7,1
"779773",1919431,29036,18,1
"554037",1362730,34126,5,0
"1041680",2576298,10613,23,0
"453731",1109857,47209,19,1
"542930",1336173,27086,3,1
"692039",1701352,14479,8,1
"880253",2171121,21333,5,0
"1241521",3066076,21405,15,0
"669094",1644867,40472,12,0
"287295",698752,24184,7,0
"369721",902770,35824,5,1
"610007",1501098,17630,1,1
"457859",1121279,10814,9,0
"283871",690653,27554,4,1
"830075",2046400,28590,9,1
"438348",1072808,18362,2,1
"890182",2196205,49318,6,1
"961611",2372166,41950,37,1
"913560",2254753,44641,5,0
"907786",2240614,23484,3,1
"382180",933102,9411,18,0
"1170634",2892969,17747,15,0
"891297",2198831,44987,14,1
"316396",770216,40338,10,0
"598545",1472095,7156,6,1
"519104",1274954,21903,11,1
"961146",2371059,46842,6,0
"774899",1907502,4920,1,0
"759698",1870906,31575,20,1
"278631",678985,8193,17,0
"60305",147575,17723,22,1
"942230",2324483,32455,2,1
"365044",888460,26940,5,1
"1256439",3106240,12667,1,1
"1178592",2911059,21267,20,0
"217905",533648,41351,7,0
"1294197",3196716,39275,17,0
"119777",292688,41950,5,1
"296716",722905,31714,8,0
"107031",263321,47333,5,0
"386418",942964,33873,1,1
"1010580",2496734,31961,2,1
"1339892",3310541,22034,13,0
"934520",2306425,21903,3,1
"1100429",2720211,685,32,0
"585134",1438970,38277,16,0
"682095",1675105,8518,11,1
"605662",1489846,21137,5,0
"572584",1408357,49509,2,1
"1093359",2702975,1094,10,1
"947141",2336557,47029,1,1
"1025806",2536754,14161,1,1
"836046",2060637,26897,9,0
"89701",223435,4086,40,0
"1375777",3401127,44632,15,0
"1074663",2656747,8490,16,1
"319493",778432,32030,3,1
"361951",880713,47766,3,1
"678813",1667549,7992,12,1
"451487",1104869,47145,5,1
"677956",1665692,36664,1,1
"1047152",2589988,12955,3,0
"1090391",2694333,18686,15,0
"941926",2323577,16803,25,0
"129354",315977,29926,8,0
"355109",864620,18434,9,1
"133166",324993,46906,3,1
"1158419",2862789,15937,2,1
"601416",1479373,29144,6,1
"851577",2102312,5450,15,1
"276935",674780,3840,3,1
"395806",967195,13219,3,1
"1123742",2777480,25072,12,0
"233210",569915,48301,12,0
"1352459",3341511,37349,9,0
"447910",1096653,26209,7,1
"1036432",2562121,47788,3,1
"881841",2175034,46475,10,0
"1329079",3284043,46812,8,0
"1198795",2961194,2240,2,1
"154781",377810,19048,29,1
"409822",1003358,5212,11,1
"481634",1180826,41178,15,0
"417122",1021592,17794,10,1
"976742",2408705,22935,8,1
"94259",233714,3016,6,0
"84065",207817,40761,7,1
"956",3068,5258,1,1
"859269",2120718,8529,11,0
"326206",794356,10909,16,0
"396317",968680,27104,2,1
"6488",16117,43875,7,1
"433529",1059499,18352,17,1
"564777",1387952,45570,14,0
"143296",349225,21137,4,1
"521910",1282581,40555,8,0
"372364",909171,29487,4,0
"748334",1841493,34126,25,1
"902514",2227579,22825,5,1
"338723",825795,37966,10,1
"829748",2045824,2192,17,0
"1084353",2679875,45014,14,0
"115012",281238,25246,11,1
"687518",1689866,41461,12,1
"932270",2301112,10673,11,1
"72389",178648,21903,8,1
"453201",1108968,39388,5,1
"92175",229212,8193,1,0
"964226",2378435,28378,39,0
"681166",1672752,19348,3,1
"884899",2182772,21137,3,0
"505666",1242203,21903,2,1
"328268",799833,47792,4,0
"1354354",3346063,47141,1,1
"16694",40123,11292,2,0
"1243844",3072356,38028,9,0
"274905",669276,10246,6,0
"211935",519991,5748,1,1
"780862",1922210,43490,22,0
"391585",956190,35622,10,0
"521068",1280104,48131,3,0
"1355713",3349430,37646,4,1
"952662",2349884,22935,25,1
"1014292",2507383,47626,7,1
"257363",627760,49508,19,0
"777119",1913614,40706,1,1
"1075150",2657994,1263,10,0
"95959",238127,24964,15,1
"609608",1499884,41602,8,0
"222385",545090,41860,1,1
"484128",1187106,13870,2,1
"566416",1391578,40868,8,0
"773081",1903039,31720,3,1
"214296",525135,7503,18,1
"1325148",3273798,17902,16,0
"767828",1890202,34050,19,0
"804563",1983833,46667,7,1
"583434",1434316,18370,17,1
"1225063",3027878,25946,5,0
"565771",1389858,37940,4,0
"357713",870033,13176,3,1
"439125",1074424,31553,16,0
"138122",337549,26221,13,0
"764231",1881456,44683,11,0
"1233467",3046897,4472,6,1
"785448",1933910,18409,5,0
"1188212",2935657,24799,12,1
"268622",654635,4584,12,0
"187045",459014,10957,4,1
"672265",1651642,44378,6,0
"351437",856024,29873,6,0
"902896",2228820,43631,5,1
"113469",277582,42479,10,1
"369545",902373,35372,19,1
"1001950",2475511,24830,1,0
"1345725",3324972,25890,24,1
"157453",384639,6187,23,0
"816220",2013896,17878,2,0
"257247",627481,17550,4,0
"150387",367504,4296,10,0
"363849",885860,23644,1,1
"1192035",2944805,44267,4,1
"540467",1329262,38739,11,0
"1011683",2499597,28156,26,0
"222918",546132,15873,10,0
"300098",730854,20042,15,0
"584754",1437835,43967,28,0
"880477",2171669,41453,1,1
"464708",1139025,27344,12,1
"896103",2211105,13457,21,1
"742115",1826309,12640,1,1
"620292",1526081,11520,2,1
"1283303",3169865,42693,5,0
"467949",1147081,39657,5,1
"44133",109090,5258,1,1
"1138183",2811965,33000,12,0
"295706",720627,46584,27,0
"825722",2036041,43190,18,1
"1041672",2576298,47977,15,0
"1069376",2643148,28535,4,0
"631573",1555120,3599,6,1
"640102",1575521,34731,11,0
"54380",133473,27246,12,0
"888707",2192851,34993,18,0
"492486",1208645,34969,1,1
"75472",186561,6184,1,1
"833492",2054400,47766,5,1
"989681",2444113,8638,14,1
"38293",94366,33754,20,1
"456179",1116775,41178,7,0
"249687",609306,4306,3,1
"889814",2195584,22677,7,1
"667505",1641144,13870,16,1
"1141092",2819021,13176,1,1
"556803",1369416,35042,24,0
"823877",2031910,21769,3,0
"279348",680662,42768,4,0
"205457",504018,27544,16,0
"1210755",2990754,11136,7,0
"260292",634572,40706,5,1
"556170",1368209,7515,9,1
"1267930",3132216,24799,10,1
"13108",31692,47209,6,1
"624210",1536326,10427,1,0
"1253900",3099309,3935,10,0
"1280895",3164507,30391,10,1
"17798",43194,36695,1,1
"332599",809469,20114,13,1
"1188045",2935275,17399,2,0
"1334129",3297110,43961,17,1
"459229",1124923,11710,5,1
"77731",191912,20621,5,1
"1243668",3071827,47616,8,0
"39015",96148,21938,4,0
"258873",631433,28745,3,1
"1284414",3172662,9339,5,1
"507833",1247313,47955,9,1
"79327",196149,24654,19,0
"671108",1649120,48697,5,0
"1182478",2921767,40706,3,1
"557526",1371172,32689,1,1
"1244186",3073140,43129,6,0
"671867",1650972,36695,14,0
"859711",2121723,12852,1,0
"1178773",2911446,19057,4,1
"423362",1035709,4978,27,1
"1379031",3408685,13027,15,1
"26613",64652,5618,7,1
"396104",968014,32177,10,0
"997074",2461949,21938,3,0
"603566",1483968,6867,16,0
"333592",812581,24852,7,1
"775015",1907811,30558,8,1
"1140772",2818093,432,6,0
"613891",1511783,33129,16,0
"1011970",2500369,42701,7,1
"207430",508423,32200,20,1
"176722",433032,21386,2,1
"639606",1574265,15576,21,0
"225428",551676,23417,6,0
"158807",387648,34582,19,1
"831358",2049554,47626,6,1
"1121815",2772309,14715,12,1
"1276590",3153851,40396,4,1
"201637",494327,397,2,0
"228179",558998,26301,20,1
"1003820",2480145,33178,1,0
"442042",1081770,5077,1,1
"1333263",3294536,14715,1,1
"517930",1271828,27966,7,1
"737345",1814023,48679,31,0
"644611",1586533,14702,9,1
"327022",796397,7035,3,0
"1323983",3270657,49416,4,1
"1155637",2855925,12075,6,0
"1947",4801,2124,9,0
"27154",66092,35042,7,1
"1036834",2563053,26454,11,1
"149146",364310,41009,5,1
"566613",1391998,25890,14,1
"173726",425852,39275,12,1
"592802",1457950,35561,2,0
"36478",89159,27845,18,1
"613880",1511783,41068,5,1
"409850",1003391,39132,27,1
"672404",1652080,5652,2,0
"1190146",2940159,29987,9,1
"600459",1476584,16450,20,0
"769516",1893594,19660,2,1
"812188",2003234,26040,28,0
"1283314",3169889,15028,4,1
"704470",1732317,47766,1,1
"410721",1005487,39561,5,0
"898728",2218299,34466,9,1
"946898",2335762,47570,10,1
"608237",1496343,22416,8,1
"437878",1071095,6740,3,1
"1187010",2932939,36790,13,1
"869310",2143933,34335,12,1
"1054549",2608948,43209,13,0
"523516",1285951,29483,4,1
"995625",2459064,27966,1,1
"395305",965720,49520,4,1
"1148089",2836995,890,10,0
"484208",1187354,30233,2,1
"656931",1615787,37734,15,0
"174069",426527,26209,16,1
"977903",2411552,13176,3,1
"827787",2041610,7923,7,0
"807209",1990406,5428,2,1
"1211382",2991946,34126,11,1
"1098653",2715415,47626,6,1
"41053",100503,7644,11,1
"1300279",3211730,10558,3,1
"756351",1862842,33120,7,1
"963065",2376264,39620,37,1
"1099629",2718235,21903,6,1
"538882",1325040,46061,4,1
"994355",2456075,29363,11,1
"766736",1887316,13554,19,1
"71493",176435,3651,2,0
"377118",920634,19057,17,0
"1326837",3278532,28289,12,1
"1081604",2673760,13093,21,1
"1232343",3044116,13176,3,1
"502562",1234072,9327,6,1
"974862",2405413,42615,1,1
"1225787",3029374,21938,8,0
"1358844",3357719,31848,2,0
"1159084",2865125,40310,10,1
"917388",2264166,24184,11,0
"161848",395408,34105,16,1
"849761",2097679,21513,24,0
"582974",1433262,31102,3,0
"756492",1863378,13378,3,1
"370855",905404,196,1,1
"100495",248069,16759,5,0
"522124",1282827,3382,27,1
"1270595",3138726,22963,9,1
"1314350",3246632,10500,2,1
"423900",1037024,26317,23,0
"1102737",2725509,35939,20,1
"710181",1746140,44142,12,0
"215340",527563,3385,4,1
"278106",677693,13176,6,1
"2880",6842,23840,50,1
"675525",1659639,24235,3,1
"559116",1374561,38028,14,0
"1162789",2873992,20345,9,1
"820086",2022893,22849,37,1
"459032",1124393,41539,1,1
"195451",478890,33198,5,1
"475027",1163680,42353,9,0
"238263",581950,97,6,0
"161674",395016,6295,4,1
"469774",1150855,46041,16,0
"590155",1451093,19845,9,1
"1195917",2954102,8571,2,1
"1201537",2968020,29370,13,0
"1319367",3259724,26032,20,0
"1357764",3355119,2275,3,1
"875849",2159241,32650,20,1
"50945",125527,21610,15,1
"330254",804306,45086,3,1
"55158",135341,2078,9,0
"1145874",2830592,19863,11,1
"405142",991621,23516,9,0
"394539",963887,10255,19,0
"663982",1632943,23909,6,0
"519590",1276175,12341,7,0
"163903",401332,28379,10,1
"926534",2286790,13819,5,0
"527613",1295948,27548,16,1
"997211",2462343,49235,1,1
"392530",959236,46820,1,1
"539240",1326341,12816,26,1
"1368590",3383615,7206,13,0
"724272",1780895,36550,5,1
"1065037",2632950,5876,12,1
"930010",2296079,10527,1,1
"275583",671270,24382,20,0
"794428",1956619,31927,1,0
"1047724",2591157,42265,10,1
"364266",886798,14778,16,1
"698407",1716614,33098,3,1
"227244",556498,12595,3,1
"349770",852056,18811,23,0
"634396",1562190,13198,2,1
"1002563",2476974,31181,21,0
"1068042",2640621,5025,17,0
"972249",2398373,9663,9,1
"409648",1003143,29346,11,0
"98931",244571,45066,2,1
"1326920",3278717,28309,18,1
"106581",262442,39858,2,0
"415473",1017914,8465,8,1
"1175099",2902536,22915,15,0
"660282",1623914,33407,28,1
"321724",783164,24891,4,1
"1047514",2590675,24852,5,1
"1155728",2856228,45007,10,1
"978799",2414032,19691,18,0
"268220",653825,5258,1,1
"1032323",2552420,29785,10,0
"995391",2458495,365,12,0
"56301",137924,42768,25,1
"1044501",2584075,37935,9,1
"474297",1162020,5313,5,0
"1017825",2516653,30305,11,1
"251971",614899,23233,4,1
"489851",1202935,42210,17,1
"1348000",3330540,20588,22,0
"1143330",2823861,39275,3,1
"280867",684229,19051,21,1
"820657",2024160,24799,5,1
"1019726",2522051,49235,5,1
"908919",2243586,44953,1,1
"615457",1515281,23879,16,0
"805057",1985245,1240,4,1
"1109674",2742437,47626,3,0
"512097",1257305,35221,1,1
"1371658",3391363,7693,22,0
"255855",624351,4920,20,0
"608256",1496386,47626,7,1
"445413",1090854,7736,14,1
"896238",2211703,31433,7,0
"598548",1472095,22935,9,0
"1092903",2701862,17600,12,0
"1343806",3320610,41148,6,1
"1256034",3105215,44361,6,1
"1154062",2851905,12909,4,0
"312143",759988,24235,2,1
"12065",28894,44359,2,0
"752701",1852694,9360,11,0
"1312406",3242054,49588,3,0
"1202382",2970017,13740,5,0
"166699",408369,41844,8,1
"140398",342735,48364,1,0
"1196736",2956167,32747,13,1
"920932",2272463,3500,12,1
"888257",2191779,43086,5,1
"767858",1890287,18439,3,1
"733838",1805024,4472,1,1
"1379655",3410496,42948,7,0
"799783",1970486,29780,1,1
"561541",1380041,10878,10,0
"961295",2371442,25890,23,1
"885249",2183662,25753,6,0
"1314720",3248174,27045,4,1
"1192851",2946631,48679,22,1
"321050",781693,24838,2,1
"705028",1733447,30007,5,0
"1367791",3381623,13176,6,1
"722678",1777215,21463,2,1
"182744",448367,21053,3,0
"433512",1059486,6615,1,0
"1198874",2961350,20995,4,1
"502284",1233616,27521,32,0
"660650",1625083,17948,3,1
"479668",1175447,6131,24,0
"327671",798068,35951,10,1
"752252",1851650,24841,3,1
"1129290",2791601,24184,4,0
"390938",954245,15392,6,0
"939264",2317763,45007,5,1
"567385",1394331,31985,6,0
"1020770",2524720,18027,8,0
"1081342",2673461,5605,15,0
"104288",256845,13031,4,0
"1263226",3121302,4862,13,0
"639131",1573259,11068,1,1
"725674",1784728,33627,2,0
"1040805",2574308,42342,7,0
"1044069",2582855,49235,7,1
"257815",629040,16145,7,0
"606164",1490821,21616,6,1
"319993",779597,17979,5,1
"1172334",2896414,7079,2,1
"768639",1891836,25494,7,0
"215030",526801,41220,11,1
"315174",767238,40199,6,1
"1059691",2620315,43463,5,0
"1221428",3018207,44632,7,1
"1266959",3130070,24852,1,1
"491879",1207186,15424,13,1
"31509",76249,39160,18,0
"604270",1486036,32768,14,1
"1314627",3247631,13170,2,0
"1118235",2763085,14941,13,1
"721164",1773052,46979,1,1
"807504",1991115,42495,11,1
"1363392",3369520,4942,6,1
"1168120",2887125,27217,1,1
"1153087",2849394,43113,8,1
"1027856",2541752,21562,2,1
"1233433",3046837,29328,8,1
"792454",1952084,23909,16,1
"1340646",3312869,21137,8,1
"366641",893658,24649,2,0
"1236011",3052876,28934,9,0
"916508",2261834,28761,23,0
"1383661",3419158,41290,3,1
"59905",146782,18023,1,0
"102933",253505,41787,4,1
"906991",2238633,49383,1,0
"157132",383692,47977,6,0
"1146382",2831886,38689,3,1
"1053125",2605670,31869,1,1
"1096781",2710428,26910,2,1
"689128",1693644,27845,11,1
"190561",466750,24852,2,1
"555920",1367373,31720,2,0
"1343835",3320651,22825,20,1
"291574",710107,11068,3,1
"668056",1642368,23926,16,1
"459727",1126211,4182,6,0
"854519",2109456,3020,7,0
"449475",1100380,24852,5,1
"1082683",2676365,24123,6,0
"228709",560229,39984,15,0
"242328",591773,43530,1,1
"166025",406500,45447,2,0
"1088958",2690685,10017,3,1
"221673",543096,42265,1,1
"191610",469287,1039,20,1
"351768",856987,39877,9,1
"324677",790068,44628,10,0
"97977",242631,48775,9,0
"226907",555581,4451,14,1
"1022760",2529208,44399,37,0
"1068374",2641634,44479,9,1
"257505",628237,5876,14,1
"439268",1074693,9076,20,0
"303252",738129,15417,12,1
"815146",2010652,39408,2,1
"491375",1206021,46906,3,1
"496772",1219929,30720,17,1
"223603",547558,84,13,1
"840366",2072225,37942,1,0
"914382",2256293,25133,11,0
"441526",1080823,17275,19,1
"627460",1544831,29553,24,0
"1242778",3069536,31912,1,0
"1142543",2822161,30668,16,1
"1208878",2985571,36557,1,1
"1374363",3397701,47788,1,1
"364445",887177,5603,30,1
"22551",54344,4605,16,1
"1028091",2542434,43073,8,1
"525022",1289338,14715,1,1
"485414",1191023,2667,3,0
"980811",2419358,44632,18,1
"483752",1186052,42265,4,1
"1014676",2508538,44375,7,1
"828624",2043219,38256,11,1
"52426",129002,15424,1,1
"198654",486388,42265,8,1
"1023386",2530661,21903,2,1
"297989",725476,39984,6,1
"861076",2124934,20995,4,0
"1053103",2605634,46993,13,1
"395308",965720,49191,7,1
"933256",2303078,20382,1,1
"399273",976238,28278,1,1
"580915",1427924,18523,12,1
"192356",471346,23375,12,1
"754809",1858178,48455,3,1
"159967",391003,33754,4,1
"1349280",3333354,22087,22,0
"1332503",3292695,44098,7,1
"975419",2406282,40571,7,1
"274689",668637,8744,11,0
"567407",1394407,42265,1,1
"473039",1159086,26800,17,0
"5834",14172,42450,4,1
"207214",508032,12980,14,1
"651134",1602140,35898,10,0
"610732",1502790,8309,3,1
"1231404",3041791,30489,5,1
"1380865",3413100,38689,8,1
"471413",1154822,29506,6,0
"735502",1809078,31487,9,1
"823814",2031773,36434,23,1
"423284",1035591,7021,8,0
"858450",2118692,21137,3,1
"788285",1941094,27629,17,1
"944260",2329546,11494,6,0
"1232938",3045255,19173,7,0
"253471",618887,35951,4,0
"350186",852935,35505,3,1
"996417",2460363,24964,3,1
"35569",86977,32455,3,1
"851317",2101816,14858,4,0
"463",1591,9387,17,0
"238013",581421,13517,1,1
"1372718",3394025,38890,10,0
"381446",930789,23288,7,1
"709227",1743524,5210,9,1
"508875",1249404,30489,3,1
"462528",1133247,23716,2,0
"75228",186104,38456,18,1
"1311759",3240466,26149,5,1
"1095466",2707394,40396,4,1
"1146317",2831788,48559,15,0
"1315212",3249042,32402,6,0
"1177400",2908061,24799,3,1
"314189",764675,39721,20,1
"1137581",2810489,48825,9,0
"210011",514671,4796,9,0
"505743",1242337,5912,3,1
"208134",510036,47492,5,1
"462720",1133796,43662,2,1
"100602",248159,8424,9,1
"1046844",2589284,30391,2,0
"1116370",2758804,44234,17,0
"279340",680616,7761,18,0
"560337",1377150,32095,5,0
"508960",1249517,18465,16,0
"1343771",3320454,23375,3,1
"497277",1221059,47209,28,0
"836932",2063145,6104,4,1
"379650",926344,6402,3,1
"1134108",2802875,26209,3,1
"597580",1469840,29805,12,0
"1171260",2894097,45066,15,1
"673088",1653867,31553,16,1
"1291202",3189446,5024,13,0
"481737",1181058,34466,3,1
"1009292",2493945,34220,3,1
"905076",2234294,23537,5,0
"1366720",3378984,18382,10,1
"702",2087,5612,3,0
"14203",34029,27999,10,0
"1232387",3044128,39495,7,1
"1039999",2572698,31912,1,1
"779032",1917797,29095,3,1
"841909",2076983,39275,4,1
"266998",650594,41192,2,1
"963410",2376860,27966,8,1
"1288419",3182466,21582,2,1
"19004",46254,15820,1,1
"790607",1947161,38200,3,1
"7756",18905,35561,2,1
"920375",2271195,48925,11,1
"1133034",2799858,27966,28,1
"691229",1699405,11277,3,0
"533563",1310457,36386,3,1
"1107543",2737504,43352,4,0
"297154",723720,32734,13,1
"1332533",3292703,38349,13,0
"1384554",3420996,29118,8,0
"1029777",2545817,7300,5,1
"1130985",2795247,40216,8,0
"1106679",2734966,2708,2,1
"43061",105951,40268,38,1
"28471",69363,23644,5,1
"77532",191438,38164,21,0
"1055322",2610246,24850,7,0
"839099",2068968,37158,5,1
"15282",36804,24235,17,0
"1261612",3117692,8192,1,1
"670268",1647194,44632,12,0
"261560",637580,5258,1,1
"384641",939192,12620,8,0
"155868",380940,48310,4,1
"593401",1459811,22418,10,0
"653747",1608560,45229,5,1
"609843",1500639,33788,1,1
"16027",38611,31564,2,1
"629550",1549633,3820,17,0
"195014",477931,26604,2,1
"191814",469973,10312,11,1
"733882",1805075,45260,7,0
"527495",1295707,12872,23,1
"411702",1008423,43789,11,0
"612815",1508568,33452,1,0
"560717",1377967,48527,4,1
"1353762",3344576,26882,5,0
"816362",2014327,5991,18,1
"943088",2326916,17872,6,1
"95612",237171,434,6,0
"81036",200316,18659,16,0
"134076",326986,40683,11,0
"650087",1599598,19348,12,0
"925841",2284631,44449,13,1
"706390",1736554,36685,2,1
"1365606",3376171,6343,8,1
"523029",1284756,651,20,0
"1305019",3223024,14652,13,1
"476403",1167124,27966,2,1
"497111",1220615,46667,32,1
"263594",642190,22598,7,0
"864557",2132911,47800,13,1
"645600",1588632,33178,6,1
"919485",2269269,30406,3,1
"221155",541933,46516,12,1
"744185",1830633,4605,15,1
"605521",1489545,26314,4,1
"867916",2140634,21333,15,1
"940530",2320248,37388,16,0
"1116365",2758804,23410,12,0
"1051283",2600329,19125,18,0
"728920",1792967,44580,1,0
"785539",1934154,33521,5,1
"71487",176414,7350,4,1
"572972",1409114,34887,20,1
"159954",390929,39966,2,0
"300833",732511,36676,2,1
"642830",1581655,39911,17,1
"160770",392905,43845,14,0
"290693",708143,43279,5,1
"306096",744812,34466,4,0
"591679",1455034,47209,11,1
"471992",1156256,33754,19,1
"1347567",3329665,47209,1,1
"304633",741843,27845,1,1
"490446",1204164,38687,3,0
"141166",343869,14715,21,0
"722082",1775559,18441,7,1
"713782",1754998,41694,2,0
"131441",320796,38751,3,1
"278032",677378,47114,3,0
"1236488",3054234,49086,2,1
"1006484",2486749,49664,10,0
"511046",1254937,28862,18,1
"544369",1339931,30450,4,0
"138945",339240,2010,2,1
"1359443",3359321,4461,9,0
"956541",2359522,10978,23,0
"1170411",2892268,21709,3,1
"321774",783339,5818,14,0
"422525",1033774,19678,7,1
"1128149",2788490,46522,17,0
"139674",341238,47209,5,1
"424063",1037363,24852,3,1
"1357115",3353496,32369,41,0
"421301",1031188,7398,7,1
"249676",609243,12206,5,1
"915343",2258706,34619,6,1
"824123",2032614,13578,2,0
"1079787",2669501,22882,1,0
"336430",819751,45989,5,1
"1351082",3338296,9739,2,1
"392568",959242,16245,15,0
"216019",529113,12845,6,0
"265279",646574,34358,1,1
"1079252",2668353,1516,8,1
"254548",621694,49235,6,1
"775613",1909334,46361,4,1
"1333811",3296107,11856,1,1
"684883",1683367,12341,6,1
"87616",218237,30391,1,1
"175338",429377,42719,10,1
"739026",1818483,26488,15,0
"814433",2009216,21137,3,1
"531544",1305516,16747,3,0
"381780",931708,20995,7,1
"1078816",2667079,32734,12,1
"1104400",2729029,4753,16,1
"1328719",3283453,33303,9,0
"106467",262339,34688,9,1
"929874",2295625,48148,15,0
"251115",612873,47766,1,1
"168577",412405,35762,5,1
"200614",491423,12125,9,0
"455921",1115862,26209,16,1
"1376450",3402855,27356,31,0
"153410",374310,17281,7,0
"361648",880091,21903,2,1
"630777",1553090,14650,6,1
"888238",2191771,34448,4,1
"689489",1694345,7175,13,0
"670817",1648483,45504,5,1
"459472",1125368,34735,11,0
"240476",587344,4302,8,0
"1005102",2483317,11182,13,1
"1255235",3103358,31714,5,1
"905171",2234481,35383,11,1
"584881",1438232,11121,10,1
"421542",1031521,22395,2,0
"92628",230000,26503,8,1
"1147589",2835323,39275,1,1
"620215",1525887,12341,5,1
"1009455",2494180,4210,17,1
"915385",2259069,4605,4,1
"1228419",3035313,43673,11,0
"1261436",3117383,21137,10,1
"89421",222674,45633,4,1
"297623",724782,17264,12,0
"241210",589268,37625,6,0
"842400",2078453,47526,6,1
"491996",1207399,24759,2,1
"1065694",2634458,2573,11,0
"1303392",3219113,24197,28,0
"555329",1365963,9203,6,0
"1319555",3260222,8251,12,1
"595677",1465066,31766,5,1
"371982",908061,21938,12,0
"227082",555930,8424,33,0
"345816",842204,33000,4,0
"257911",629227,23854,15,1
"602591",1482104,20228,10,0
"1212500",2994672,44824,3,0
"353684",861390,21463,5,0
"615144",1514383,40136,12,1
"580705",1427514,45504,1,1
"230461",564063,23601,14,0
"428741",1048543,4957,6,1
"676433",1662114,34126,6,1
"1136449",2808014,37033,21,0
"480292",1176861,35898,12,0
"808447",1993469,13914,4,1
"810876",1999666,18670,4,1
"797770",1964705,34431,5,0
"1231756",3042506,1747,4,1
"642505",1581031,28985,11,1
"851477",2102129,24831,6,1
"695843",1710435,18523,12,0
"115473",282411,21137,11,0
"1074875",2657344,32429,5,1
"1005269",2483596,21137,7,1
"1026573",2538673,7328,23,0
"297861",725345,30391,9,1
"174810",428093,38689,10,1
"416660",1020680,5886,8,0
"1377510",3405148,49248,8,1
"108756",266930,35951,8,0
"820299",2023400,13733,11,0
"1379186",3408875,32851,13,0
"1347405",3329102,43394,12,1
"196944",482532,5450,11,0
"1261399",3117330,39092,21,0
"1058666",2617807,24852,12,1
"749773",1845506,8670,8,1
"1070758",2646353,13176,5,1
"170167",416414,36333,22,0
"532207",1306912,48109,5,1
"722821",1777738,2825,8,0
"1172034",2895688,29574,1,1
"376597",919401,28378,6,0
"1109874",2742787,11265,16,1
"1375041",3399385,47626,7,0
"605019",1488081,27477,1,1
"735919",1810204,1003,3,0
"348440",849608,44912,6,0
"689863",1695309,10749,8,0
"1058304",2616843,3560,1,1
"353387",860718,22759,2,1
"1301374",3214656,6336,9,0
"208672",511042,20842,10,1
"388658",948923,21137,1,1
"888984",2193405,35914,5,0
"956204",2358926,45066,15,0
"633142",1558851,2452,1,0
"91004",226192,39620,15,1
"222260",544693,47209,16,1
"1359705",3359968,44548,18,0
"344669",839600,42356,1,1
"1067521",2639316,22035,15,0
"618044",1520876,44097,7,0
"454906",1113086,43713,11,1
"1163916",2876521,810,25,1
"332746",809761,29594,23,0
"1326356",3277442,5068,2,1
"1160637",2868760,44335,1,0
"202851",497814,45007,12,0
"68283",168237,18918,8,0
"290861",708529,44142,15,1
"1351159",3338468,47626,4,1
"216864",530848,44359,10,1
"646587",1591262,30272,10,0
"1125456",2782157,27156,18,1
"610314",1501656,39408,3,1
"1247882",3082418,37646,10,1
"338475",825312,42719,2,1
"245068",598001,27706,17,0
"1119568",2766182,23630,7,0
"20747",50283,4059,5,0
"508063",1247951,3583,7,1
"825988",2036604,40706,6,1
"1140442",2817611,39928,11,1
"1033292",2554782,47211,1,1
"747643",1839885,44585,7,0
"714121",1755762,34660,7,1
"107865",265095,25718,1,1
"794142",1955874,33825,15,1
"1003901",2480277,45104,1,1
"539379",1326764,32843,8,1
"1263992",3122846,21333,22,1
"284350",691823,24137,31,0
"62714",154100,29987,3,0
"1089058",2691174,16249,1,1
"471576",1155050,48309,5,1
"826231",2037612,7781,5,0
"917964",2265517,27104,1,0
"894913",2207979,24810,3,1
"871324",2149227,38159,1,0
"865426",2134877,9387,7,0
"1053591",2606801,36425,3,1
"996089",2459609,21715,7,0
"1252113",3094342,39891,3,1
"663294",1631632,31553,4,1
"503600",1236880,39732,6,0
"229563",562031,40251,2,0
"1070287",2645274,40449,7,1
"1230255",3039513,46417,2,1
"121682",297648,40311,2,0
"1046134",2587546,12078,3,0
"1062752",2627956,11182,9,1
"1294882",3198267,1447,13,0
"376865",920063,26209,16,0
"1011251",2498854,22035,3,1
"690387",1696852,4620,5,0
"568460",1396786,4605,7,1
"1329615",3285238,12741,6,1
"205296",503576,41787,5,1
"956743",2360099,48745,17,1
"28762",69944,8154,6,1
"793648",1955010,30696,1,1
"961161",2371155,10,4,0
"1065996",2635431,46654,7,1
"1019197",2520526,30753,25,1
"440634",1078008,44632,7,1
"1150237",2842491,39891,15,0
"713145",1753471,39408,12,1
"1022687",2529112,19691,2,1
"1342208",3316694,31553,8,1
"1372508",3393506,14645,17,0
"1174096",2900281,2326,7,1
"1050204",2597557,7840,4,0
"1378940",3408567,21903,13,0
"237891",581235,38890,8,1
"327065",796560,32109,9,1
"684026",1680811,13877,6,0
"879514",2169408,41453,4,1
"890468",2197080,43262,3,1
"65700",161640,27336,16,0
"507880",1247458,28985,1,1
"968884",2390481,13535,6,0
"247044",603104,10199,17,0
"1048725",2593388,9270,9,0
"165478",404794,2272,3,1
"1164427",2877663,26307,18,0
"80476",198841,28099,6,1
"300301",731277,19578,1,0
"979569",2415567,24852,3,0
"838880",2068463,40064,1,1
"336487",819768,15599,2,1
"597729",1470222,43352,5,1
"1335849",3301012,14233,4,1
"702333",1726919,4462,18,1
"1366928",3379400,47185,6,1
"1316267",3252083,32211,6,1
"871136",2148787,27845,1,1
"22552",54344,47626,17,1
"32332",78382,35420,4,1
"785598",1934346,18811,11,1
"955492",2356753,31717,21,1
"580309",1426364,11520,3,1
"1055862",2611648,24852,13,0
"931016",2298341,2120,1,1
"949853",2343201,19946,3,0
"993336",2453344,38959,4,1
"1185929",2930731,12779,8,1
"84848",210317,21011,3,1
"750843",1848169,13176,6,1
"261161",636616,17095,15,0
"45199",111661,47144,1,1
"1359132",3358666,18027,1,1
"625915",1541175,21405,6,0
"616956",1518754,22218,8,0
"563383",1385174,8859,23,1
"1104010",2728498,41065,12,0
"269751",656865,27966,6,0
"141367",344376,21137,1,1
"1146633",2832313,7704,7,0
"852678",2105107,26209,3,0
"1111427",2747091,18465,2,1
"1376280",3402393,8230,13,0
"1046566",2588728,22750,7,0
"785527",1934139,13852,6,1
"920602",2271558,8021,17,1
"43980",108611,39928,1,1
"877099",2162847,34969,6,1
"673173",1654007,3098,4,1
"399301",976276,7411,6,1
"1107626",2737657,19048,16,0
"38820",95738,37552,10,1
"312036",759796,24838,7,1
"1154229",2852297,47626,2,0
"1333147",3294302,46023,4,1
"327943",799001,5969,11,0
"707051",1738162,5025,3,1
"1295655",3200114,16995,5,1
"718852",1767047,44142,5,0
"1291771",3191317,24852,6,1
"922876",2277414,9507,22,1
"646441",1590823,28849,9,1
"937730",2313597,7948,4,1
"81572",201727,31717,6,1
"347638",847595,1463,7,0
"1135079",2805183,1511,5,1
"1226621",3030811,2067,9,0
"836732",2062700,14197,26,0
"758521",1868546,44628,16,0
"249024",607872,20561,5,0
"1122998",2775200,19048,5,1
"1332951",3293782,44734,24,0
"124718",304956,16823,18,0
"619430",1524161,5134,3,1
"130144",317785,30088,3,0
"873192",2153440,5618,3,0
"670087",1646796,19902,1,0
"879092",2168520,28373,4,1
"281877",686735,46979,11,1
"1077809",2664370,45630,20,1
"454319",1111523,24362,2,0
"1269033",3134874,39275,8,0
"26964",65712,49113,12,0
"473622",1160454,46881,19,0
"616909",1518638,15622,9,1
"168932",413409,27999,10,1
"454875",1112943,34590,11,0
"256284",625228,27150,10,1
"904969",2233883,37011,26,0
"136198",332153,44008,4,1
"180017",442014,1202,2,1
"1081040",2672814,24799,6,1
"7321",17741,18840,15,1
"1139727",2815894,31553,7,1
"522447",1283531,13884,2,1
"654642",1610676,45865,4,0
"42765",104965,7628,39,0
"952950",2350653,1463,5,0
"769212",1893080,44014,8,1
"1252434",3095058,27830,11,1
"332305",808724,9020,4,1
"1378229",3406478,33731,2,1
"955900",2357938,47626,19,0
"395183",965415,5737,21,1
"1185889",2930482,4920,2,1
"1367042",3379605,31964,13,1
"782224",1925860,7151,2,0
"116127",284076,39706,2,0
"447516",1095885,48890,11,0
"895367",2209395,7388,6,1
"335590",817487,19397,1,1
"847702",2093180,46802,6,1
"168222",411498,19149,24,1
"719231",1768039,33106,8,1
"777296",1913884,2732,4,1
"961425",2371663,41390,4,1
"139687",341238,44479,18,1
"1290889",3188936,21137,16,1
"966708",2385147,19348,17,0
"161467",394690,37247,11,0
"240446",587301,8216,12,0
"1319310",3259657,47197,9,1
"867505",2139551,44468,4,0
"99667",245913,17600,2,1
"195420",478812,39619,13,1
"454782",1112805,8138,6,1
"252983",617896,19003,15,1
"429318",1049709,40671,7,1
"452359",1107154,12341,6,1
"1059369",2619573,47766,10,1
"445009",1090081,6218,4,1
"153135",373938,7781,1,1
"207592",508635,40449,9,0
"450516",1102613,21938,2,0
"1260160",3114672,12845,4,0
"93590",232332,19677,14,0
"636340",1567005,25138,35,1
"1357777",3355152,27845,2,1
"1286060",3177033,9172,7,1
"1231671",3042331,34693,18,0
"980926",2419741,15718,7,1
"683090",1678154,26209,5,1
"1376730",3403509,17807,4,1
"1005531",2484130,22395,27,0
"1031103",2549142,37067,2,1
"1043318",2580821,15801,12,0
"87130",216482,48527,8,1
"440377",1077395,322,22,1
"1002829",2477566,46522,9,1
"974720",2405149,49325,4,1
"119704",292419,15325,12,0
"993406",2453447,27845,15,0
"1115299",2755945,13176,2,1
"1163596",2875637,11481,19,1
"662839",1630564,5732,12,0
"459776",1126307,38635,25,1
"1333428",3295001,42110,18,0
"564577",1387539,26759,2,1
"854096",2108325,9422,10,0
"1303790",3220146,43845,4,1
"725520",1784337,36117,8,1
"317058",772093,4724,4,1
"405973",993403,23026,1,0
"1011445",2499256,41658,16,1
"276451",673286,4472,2,1
"432338",1056320,30391,16,1
"893533",2204245,31506,9,1
"691088",1699045,49075,20,1
"1056070",2611974,5299,9,0
"492868",1209669,9076,10,0
"209129",512341,34243,11,1
"66007",162303,8104,10,1
"855348",2111187,47766,11,1
"627020",1544121,31714,18,0
"1341088",3313562,37496,7,0
"500833",1229912,32864,6,0
"2095",5356,26088,1,1
"513164",1260220,36070,2,0
"1249445",3086907,43693,1,1
"1098467",2714962,19003,17,1
"1316367",3252464,11629,1,1
"748052",1840937,4338,24,0
"1156921",2859068,21288,6,1
"258912",631490,3339,18,0
"1367640",3381234,13654,16,0
"1097158",2711463,3896,2,1
"965732",2382504,19677,3,1
"537131",1319868,21903,6,1
"323779",788035,47766,4,1
"397870",972863,17988,5,1
"11531",27723,31915,2,1
"120815",295510,34126,11,1
"226928",555737,2825,17,0
"924621",2281828,27966,7,1
"1255056",3102895,23535,7,1
"1135506",2805992,1774,20,0
"570872",1403436,4374,1,1
"340616",830097,8025,14,0
"301571",734499,15269,7,0
"661164",1626479,42265,2,0
"1262030",3118572,18814,3,1
"972246",2398373,27316,6,1
"831047",2048895,15665,2,1
"1363000",3368485,12817,9,0
"1086089",2683512,14715,1,1
"778494",1916736,48626,7,1
"1332793",3293471,43713,12,1
"179015",439669,34321,7,1
"470296",1152411,16759,9,0
"28248",68923,26317,23,1
"425846",1041848,30442,13,1
"405775",992816,22425,6,1
"926160",2285414,3298,2,1
"1211419",2992044,32560,22,0
"617604",1519880,48171,14,1
"913614",2255007,8193,4,1
"1115025",2755300,32177,4,1
"787431",1939093,21137,1,0
"1171579",2894756,34350,10,1
"1269164",3135062,46226,12,0
"1165307",2879667,24838,6,1
"1099363",2717506,1217,7,0
"179627",441166,23909,5,1
"1148534",2838110,196,2,0
"1010770",2497320,47209,2,1
"566722",1392391,117,8,1
"1126641",2784998,25489,1,1
"991638",2449055,5194,33,0
"1218510",3009798,17341,2,1
"581059",1428298,5764,1,1
"41900",102758,7806,2,0
"1158446",2862844,43262,19,0
"356868",868130,45007,17,1
"1373732",3396543,42585,8,0
"817316",2016599,27275,4,1
"7763",18915,28020,6,0
"885409",2183980,40334,6,0
"77676",191784,9292,1,1
"944632",2330591,47626,4,1
"777890",1915151,5275,21,0
"53750",132055,33754,3,1
"709738",1745263,42345,10,1
"761557",1874940,38768,3,1
"1059874",2620955,26790,3,1
"18495",44827,28199,1,1
"1050202",2597557,20553,2,0
"394524",963887,22034,4,0
"270968",659477,36854,6,1
"219862",538853,1999,23,1
"55700",136528,23322,3,1
"896309",2211843,26369,4,0
"365690",890484,4605,6,1
"1029507",2545267,25659,9,0
"1203722",2973284,21903,11,1
"1015484",2510802,4518,9,1
"860301",2123345,1999,4,1
"54452",133700,33000,4,1
"126458",309741,26683,1,1
"461433",1130131,6141,3,0
"960137",2368233,19565,7,1
"818564",2019256,40992,1,1
"1182001",2920800,45965,3,1
"240191",586587,35163,2,1
"1244802",3074664,39121,5,1
"826359",2037996,4472,2,1
"147326",359615,21295,5,1
"613909",1511807,40310,3,1
"249208",608281,22699,6,0
"728266",1791387,46969,1,1
"1096856",2710557,41950,18,0
"339484",827320,30201,16,0
"750056",1846222,22035,19,1
"599580",1474622,47610,1,1
"477175",1168972,13829,37,0
"1380655",3412335,27156,2,1
"889327",2194412,8479,23,1
"1144875",2827809,40174,1,1
"969811",2392826,35651,2,0
"1199362",2962375,15860,6,1
"649853",1599252,20114,3,0
"1237492",3056551,13629,3,1
"769960",1894619,16291,3,1
"941201",2321875,38596,7,0
"790149",1946482,10749,2,1
"576574",1417757,31683,3,1
"1184122",2926001,26925,2,1
"700893",1723061,21890,4,1
"74561",184320,14999,3,1
"703425",1729826,43881,2,1
"986145",2434487,27356,3,0
"1142830",2822880,31213,12,1
"597830",1470481,34309,31,0
"707175",1738384,45445,1,0
"1133855",2802298,5134,1,1
"391137",954658,13563,4,1
"682563",1676587,19691,1,1
"81987",202692,32478,3,1
"1311151",3238381,43352,14,1
"1015295",2509974,7862,11,0
"521767",1282002,17600,9,1
"204510",501524,42475,1,1
"14042",33833,25890,10,1
"628326",1546828,42240,9,0
"229598",562295,9839,7,1
"125883",308054,47766,2,1
"408396",999605,45223,4,1
"741732",1825654,32497,12,1
"813559",2007269,17872,11,0
"168416",411966,43154,6,0
"1368593",3383637,19057,1,1
"901966",2226250,12320,9,1
"1215963",3003419,35731,1,1
"563454",1385346,47105,7,0
"68520",168946,26315,3,1
"356670",867725,5636,10,1
"1117808",2762365,8424,13,1
"608050",1495686,9558,1,1
"393719",961637,39275,8,0
"117430",286880,45535,9,1
"1096845",2710557,33139,7,0
"351028",854756,44156,4,1
"935470",2308528,27240,5,0
"578455",1422197,1,9,1
"359605",874900,26513,3,0
"697225",1713447,27966,8,1
"408601",1000046,3376,11,0
"1314784",3248279,12513,9,1
"787538",1939404,35470,11,0
"1196908",2956539,24058,8,1
"797657",1964543,37509,1,0
"1303477",3219329,28986,1,1
"1237330",3056026,49478,9,0
"672482",1652549,47788,5,0
"1171703",2894944,28842,29,0
"1125095",2781247,27344,7,1
"1296216",3201512,13536,4,0
"365643",890131,33120,1,1
"471173",1154446,6101,9,1
"13264",32079,16953,12,0
"1329095",3284105,43352,10,0
"450263",1102136,13176,1,1
"954514",2354322,40411,1,1
"1022341",2528220,45646,6,1
"536672",1318792,9007,8,0
"596144",1466079,46979,7,1
"569325",1399252,24535,8,0
"1231060",3041198,12491,19,0
"884424",2181613,38374,12,0
"409924",1003551,22367,8,1
"781573",1924025,13176,1,1
"1225843",3029561,38689,2,1
"541174",1331525,13176,2,1
"1179115",2912067,40004,29,0
"227100",556122,42731,2,1
"1105720",2732681,16283,1,1
"128142",313686,27521,8,1
"353396",860718,15655,11,0
"1200866",2966280,20305,6,0
"1058584",2617566,47965,6,1
"834893",2057977,8460,5,0
"684085",1681064,35855,15,0
"1107054",2736251,39993,1,1
"245429",598766,28204,12,1
"1028621",2543486,45005,34,0
"756840",1864299,34969,20,0
"488422",1199194,11755,7,0
"298720",727535,10056,6,0
"783408",1928797,10690,2,0
"1039129",2570041,17794,2,0
"294265",716808,11422,8,1
"84558",209542,30122,7,1
"307021",746948,27509,11,1
"673847",1655563,49533,1,0
"137571",335977,845,7,0
"1121779",2772173,43352,9,0
"1212878",2995655,12326,10,1
"530286",1301882,17530,16,0
"893495",2204162,19660,1,1
"479157",1173986,32433,14,0
"297409",724124,8474,4,1
"411196",1007079,41757,10,1
"509500",1250419,47209,12,1
"889685",2195360,23723,9,1
"824431",2033128,47766,2,1
"157009",383501,48871,2,0
"284383",691889,22963,6,1
"1053186",2605729,33352,12,0
"1291486",3190507,42443,1,1
"264417",644300,40709,24,1
"1200506",2965253,40354,17,0
"532683",1308091,30994,6,1
"921498",2274102,21616,13,1
"416912",1021175,20114,7,1
"984523",2429911,17600,13,0
"346124",843125,21903,5,1
"1215397",3002092,6948,3,1
"1309124",3233951,5769,4,0
"480039",1176256,812,13,1
"827763",2041511,22908,2,0
"1384519",3420895,25544,5,1
"104295",256922,28427,1,1
"81371",200879,49131,6,1
"365569",889963,14111,11,0
"345277",840922,4576,13,1
"976567",2408174,4605,9,0
"513326",1260631,22979,8,0
"290733",708259,20738,21,1
"72392",178648,29898,11,0
"645445",1588362,34234,2,0
"248753",607378,4975,3,1
"746920",1837843,37687,1,1
"796705",1962180,48523,7,1
"1341439",3314232,28180,13,0
"69849",172545,37658,11,0
"1321334",3263812,23879,13,1
"765426",1884280,46941,13,1
"1365153",3375008,13176,7,1
"1016095",2512776,19478,12,1
"533677",1310711,1463,11,1
"1173243",2898386,39877,9,1
"487198",1196371,26606,5,0
"500186",1228233,10255,5,1
"412972",1011303,26352,2,1
"559763",1375864,28322,4,1
"351492",856164,16044,1,0
"1099178",2717006,17560,25,1
"716244",1760702,48628,2,1
"1337143",3304300,47492,4,1
"1137354",2809955,8555,5,1
"1147121",2834070,37646,4,1
"820377",2023522,24964,17,0
"875653",2158760,24184,10,1
"151030",369063,21616,4,0
"839282",2069443,7158,4,1
"620237",1525918,21137,10,0
